Sphere,Finder,Receiver,Item,Location,Game
1,Tzuf-OoT,IAAcademy,Eruditus Gems,Market Lost Dog,Ocarina of Time
1,Tzuf-OoT,IAAcademy,Strange Setback,HC Malon Egg,Ocarina of Time
1,Tzuf-OoT,IAAcademy,Mysterious Mayhem,Market Guard House Child Pot 27,Ocarina of Time
1,Tzuf-OoT,IAAcademy,Mysterious Mayhem,Market Guard House Child Pot 29,Ocarina of Time
1,Tzuf-OoT,IAAcademy,2 Eruditus Crystals,Market Guard House Child Pot 35,Ocarina of Time
1,Tzuf-OoT,IAAcademy,Strange Setback,Market Guard House Child Pot 44,Ocarina of Time
1,Tzuf-OoT,IAAcademy,5 Eruditus Crystals,Kak Near Guards House Pot 1,Ocarina of Time
1,DavidTerraria,IAAcademy,Mysterious Mayhem,Like a Boss,Terraria
1,DavidTerraria,IAAcademy,Animus Crystal,Crabulon,Terraria
1,FKWitness,IAAcademy,Mysterious Mayhem,Jungle Monastery Garden Shortcut Panel,The Witness
1,FKWitness,IAAcademy,Mysterious Mayhem,Jungle Long Arch Moss EP,The Witness
1,FKWitness,IAAcademy,Forbidden Rune,Keep Hedge Maze 1,The Witness
1,FKWitness,IAAcademy,Potion Ingredient,Keep Hedge Maze 4,The Witness
1,GarboVsDOG,IAAcademy,Artifex Merit,Where's My Honey?,Terraria
1,GarboVsDOG,IAAcademy,Divination Orb,"Smashing, Poppet!",Terraria
1,ffuzzem,IAAcademy,Ludus Gems,Route 103 - Rival Brendan/May,Pokemon Emerald
1,CrystalPM,IAAcademy,Catastrophe,TT Residental District Shop Item 2,Paper Mario
1,CrystalPM,IAAcademy,Divination Orb,KR Pleasant Path Entry Yellow Block Right,Paper Mario
1,JessicaToThePast,IAAcademy,Animus Demerit,Blind's Hideout - Far Right,A Link to the Past
1,JessicaToThePast,IAAcademy,Animus Gems,Cave Shop (Lake Hylia) Center,A Link to the Past
1,SandraKH1,IAAcademy,Divination Orb,Traverse Town Defeat Guard Armor Blue Trinity Event,Kingdom Hearts
1,SandraKH1,IAAcademy,Eruditus Gems,Level 004,Kingdom Hearts
1,Chrono,IAAcademy,Artifex Demerit,Geno Dome 2F 1,Chrono Trigger Jets of Time
1,Chrono,IAAcademy,Artifex Demerit,Northern Ruins Back Right Sealed 600,Chrono Trigger Jets of Time
1,Chrono,IAAcademy,Artifex Demerit,Northern Ruins Back Left Sealed 1000,Chrono Trigger Jets of Time
1,Chrono,IAAcademy,Artifex Demerit,Northern Ruins Back Right Sealed 1000,Chrono Trigger Jets of Time
1,Chrono,IAAcademy,Artifex Demerit,Truce Mayor 2F,Chrono Trigger Jets of Time
1,Chrono,IAAcademy,Artifex Demerit,Guardia Forest Sealed 1000,Chrono Trigger Jets of Time
1,Chrono,IAAcademy,Artifex Demerit,Forest Maze 9,Chrono Trigger Jets of Time
1,Trixie_CVI,IAAcademy,Mysterious Mayhem,GOODY_HUT_8,Civilization VI
1,Trixie_CVI,IAAcademy,Mysterious Mayhem,CIVIC_AP_ANCIENT_02,Civilization VI
1,Trixie_CVI,IAAcademy,Eruditus Merit,CIVIC_AP_ANCIENT_06,Civilization VI
1,Trixie_CVI,IAAcademy,Encyclopedic Tome,TECH_AP_ANCIENT_09,Civilization VI
1,Trixie_CVI,IAAcademy,Eruditus Demerit,GOODY_HUT_3,Civilization VI
1,Khold-IAAA-Civ6,IAAcademy,Catastrophe,GOODY_HUT_7,Civilization VI
1,Khold-IAAA-Civ6,IAAcademy,Mysterious Mayhem,BOOST_TECH_SAILING,Civilization VI
1,Khold-IAAA-Civ6,IAAcademy,Mysterious Mayhem,GOODY_HUT_2,Civilization VI
1,KnightsEdge7Mess,IAAcademy,Animus Gems,Mega Shard of the Stars,The Messenger
1,Xawne-Terraria,IAAcademy,Moth Ball,Vehicular Manslaughter,Terraria
1,Xawne-Terraria,IAAcademy,Obscure Occultics,Feast of Midas,Terraria
1,Xawne-Terraria,IAAcademy,Divination Orb,Hold on Tight!,Terraria
1,No6 Light,IAAcademy,Animus Gems,Stumpy,A Link to the Past
1,PitchouliAHIT,IAAcademy,Mysterious Mayhem,Mafia HQ - Bathroom Stall Chest,A Hat in Time
1,PitchouliAHIT,IAAcademy,Strange Setback,Mafia Town - Docks Chest,A Hat in Time
1,Tzuf-SotN,IAAcademy,Eruditus Gems,Enemysanity: 84 - Gurkha,Symphony of the Night
1,Tzuf-SotN,IAAcademy,Mysterious Mayhem,Enemysanity: 31 - Ctulhu,Symphony of the Night
1,Tzuf-SotN,IAAcademy,Mysterious Mayhem,Enemysanity: 12 - Axe knight,Symphony of the Night
1,Tzuf-SotN,IAAcademy,Mysterious Mayhem,NO3 - Turkey,Symphony of the Night
1,Tzuf-SotN,IAAcademy,Mysterious Mayhem,Enemysanity: 38 - Skeleton ape,Symphony of the Night
1,DavidAHIT,IAAcademy,Essential Oil,Mafia Town - Yellow Sphere Building Chest,A Hat in Time
1,Flint Land 2,IAAcademy,Mysterious Mayhem,Mushroom Zone - 29 Coins,Super Mario Land 2
1,Tzuf-SMZ3,IAAcademy,Strange Setback,Link's House,SMZ3
1,DavidWitness,IAAcademy,Animus Merit,Tutorial Front Left,The Witness
1,Mati,IAAcademy,Mysterious Mayhem,Lost Woods Hideout,A Link to the Past
1,Mati,IAAcademy,Potion Ingredient,Eastern Palace - Dark Square Pot Key,A Link to the Past
1,IncoEm,IAAcademy,Artifex Gems,Route 102 - Berry Tree 2,Pokemon Emerald
1,IncoEm,IAAcademy,Artifex Merit,Route 116 - Youngster Johnson,Pokemon Emerald
1,IncoEm,IAAcademy,Mysterious Mayhem,Rustboro Gym - Hiker Marc,Pokemon Emerald
1,KnightsEdge7CC,IAAcademy,Syrina's Illegible Map,Bergen: Seeker Hub Cellar Right,CrossCode
1,KnightsEdge7CC,IAAcademy,Divination Orb,All Hail the Ice Cream,CrossCode
1,KnightsEdge7CC,IAAcademy,Animus Gems,Trail: Rising Path 5,CrossCode
1,KnightsEdge7CC,IAAcademy,Animus Gems,Digging for Data,CrossCode
1,KnightsEdge7CC,IAAcademy,Animus Gems,Rookie Harbor Shade,CrossCode
1,KnightsEdge7CC,IAAcademy,Animus Merit,Petty Crime Hunter - Reward 2,CrossCode
1,CrystalOoT,IAAcademy,Conjuration Wand,KF Midos Bottom Right Chest,Ocarina of Time
1,CrystalOoT,IAAcademy,Ludus Demerit,KF Kokiri Sword Chest,Ocarina of Time
1,No6 Dark,IAAcademy,Conjuration Wand,Floodgate Chest,A Link to the Past
1,No6 Dark,IAAcademy,Mysterious Mayhem,Link's Uncle,A Link to the Past
1,No6 Dark,IAAcademy,Animus Merit,Aginah's Cave,A Link to the Past
1,No6 Dark,IAAcademy,Animus Gems,Eastern Palace - Map Chest,A Link to the Past
1,Khold-IAAA-LTTP,IAAcademy,Ludus Merit,Blind's Hideout - Right,A Link to the Past
1,DanB_CT,IAAcademy,Essential Oil,Frogs Burrow Right,Chrono Trigger Jets of Time
1,DanB_CT,IAAcademy,Strange Setback,Heckran Cave Entrance,Chrono Trigger Jets of Time
1,DanB_CT,IAAcademy,Eruditus Demerit,Manoria Shrine Magus 1,Chrono Trigger Jets of Time
1,DanB_CT,IAAcademy,Mysterious Mayhem,Porre Elder Sealed 1,Chrono Trigger Jets of Time
1,DanB_CT,IAAcademy,Eruditus Demerit,Forest Maze 7,Chrono Trigger Jets of Time
1,FlintHearts,IAAcademy,Mysterious Mayhem,Level 007,Kingdom Hearts
1,Xawne-Osu,IAAcademy,Artifex Gems,Song 5 (Item 2),osu!
1,JophesArcaneFF,IAAcademy,5 Ludus Crystals,Matoya's Cave - Chest 3,Final Fantasy
1,CrystalSS,IAAcademy,Cache of Vanilla Beans,Complete Chapter 15,Fire Emblem Sacred Stones
1,CrystalSS,IAAcademy,Ludus Merit,Complete Tower of Valni 1,Fire Emblem Sacred Stones
1,CrystalSS,IAAcademy,2 Ludus Crystals,Complete Tower of Valni 3,Fire Emblem Sacred Stones
1,DustyPast,IAAcademy,Strange Setback,Kakariko Well - Top,A Link to the Past
1,DustyPast,IAAcademy,Artifex Merit,Mushroom,A Link to the Past
1,DustyPast,IAAcademy,Catastrophe,Kakariko Shop Center,A Link to the Past
1,DustyPast,IAAcademy,Conjuration Wand,Kakariko Shop Left,A Link to the Past
1,DanB_SOE,IAAcademy,Mysterious Mayhem,FE Village Hut #29,Secret of Evermore
1,DanB_SOE,IAAcademy,Eruditus Demerit,FE Village Hut #34,Secret of Evermore
1,DanB_SOE,IAAcademy,Fishing Bait,Quick Sand Field #44,Secret of Evermore
1,DanB_SOE,IAAcademy,Eruditus Demerit,FE Village #9,Secret of Evermore
1,DanB_SOE,IAAcademy,Mysterious Mayhem,FE Village Hut #19,Secret of Evermore
1,PitchouliArk,IAAcademy,Animus Merit,Misty Garden - Item 53,Manual_ChronoArk_Pitchouli
1,PitchouliArk,IAAcademy,Animus Crystal,Misty Garden - Item 51,Manual_ChronoArk_Pitchouli
1,FKLingo,IAAcademy,Artifex Crystal,The Eyes They See - NEAR,Lingo
1,FKLingo,IAAcademy,Encyclopedic Tome,Outside The Wondrous - SHRINK,Lingo
1,FKLingo,IAAcademy,Mysterious Mayhem,Outside The Bold - RIGHT,Lingo
1,FKLingo,IAAcademy,Artifex Gems,Outside The Undeterred - THREE (1),Lingo
1,XawneKH2,IAAcademy,Artifex Crystal,(HB) Borough Drive Recovery,Kingdom Hearts 2
1,XawneKH2,IAAcademy,2 Artifex Crystals,(STT) Station of Calling Potion,Kingdom Hearts 2
1,CrystalTerraria,IAAcademy,Midnight Blossom Seed,Benched,Terraria
1,KnightsEdge7Hat,IAAcademy,Strange Setback,Subcon Village - Stump Platform Chest,A Hat in Time
1,KnightsEdge7Hat,IAAcademy,5 Animus Crystals,Mafia Town - Behind HQ Chest,A Hat in Time
1,GarBMX,IAAcademy,Strange Setback,Hideout: Rooftop CD,Bomb Rush Cyberfunk
1,calamitas.mp3,IAAcademy,Mysterious Mayhem,"Smashing, Poppet!",Terraria
1,Trixie_SC2,IAAcademy,Eruditus Merit,For Aiur!: Northeast Hive,Starcraft 2
1,Trixie_SC2,IAAcademy,Eruditus Merit,Lab Rat: Gather Minerals,Starcraft 2
1,Jake13Snake_Here,IAAcademy,Eruditus Gems,The Storehouse (E3M1) - Bag of Holding,Heretic
1,Jake13Snake_Here,IAAcademy,Mysterious Mayhem,Ochre Cliffs (E5M1) - Firemace 4,Heretic
1,MiroAhit,IAAcademy,Artifex Merit,Mafia Town - Slip Slide Chest,A Hat in Time
1,humbug,IAAcademy,Ludus Merit,Lake Desolation (Lower): Timespinner Wheel room,Timespinner
1,sheen_ff12,IAAcademy,Mysterious Mayhem,Lowtown - Hunt 4: Wraith Reward (3),Final Fantasy 12 Open World
1,sheen_ff12,IAAcademy,Divination Scroll,Dalmasca Estersand - Banks of the Nebra Treasure 10,Final Fantasy 12 Open World
1,BeanTimer,IAAcademy,Mysterious Mayhem,Hoohoo Mountain After Hoohooros Block 1,Mario & Luigi Superstar Saga
1,BeanTimer,IAAcademy,Break The Rules,Stardust Fields Room 4 Block 3,Mario & Luigi Superstar Saga
1,Zanis_ALTTP,IAAcademy,Artifex Merit,Floodgate Chest,A Link to the Past
1,Flintmon Blue,IAAcademy,Artifex Gems,Mt Moon B2F - Hidden Item Dead End Before Fossils,Pokemon Red and Blue
1,vick0ransje,IAAcademy,Tremendous Tomes,Changing Room - Normal Chest,TUNIC
1,vick0ransje,IAAcademy,Mysterious Mayhem,Overworld - [Southwest] Tunnel Guarded By Turret,TUNIC
2,ReineyOW,IAAcademy,Eruditus Crystal,GD Ship Log: Construction Yard 1 - Built OPC,Outer Wilds
2,ReineyOW,IAAcademy,Break The Rules,HL Ship Log: Volcanic Testing Site 3 - Smallest Crack,Outer Wilds
2,JophesArcanePRB,IAAcademy,Ludus Merit,Pokedex - Butterfree,Pokemon Red and Blue
2,DustyAwakening,IAAcademy,Strange Setback,Sword on the Beach (Toronbo Shores),Links Awakening DX
2,jf-time,IAAcademy,Mysterious Mayhem,Sealed Caves (Xarion): Below mini jackpot room,Timespinner
2,GarBMX,IAAcademy,Mysterious Mayhem,Tagged 25 Graffiti Spots,Bomb Rush Cyberfunk
2,FinalTimer,IAAcademy,Animus Merit,A Few Arrows Short of a Quiver (FATE),Manual_FFXIV_Silasary
2,FinalTimer,IAAcademy,Mysterious Mayhem,The Sting (FATE),Manual_FFXIV_Silasary
2,JophesArcaneFF,IAAcademy,Mysterious Mayhem,Mirage Tower (1F) - Chest 1,Final Fantasy
2,JophesArcaneFF,IAAcademy,Mysterious Mayhem,Mirage Tower (2F) - Lesser 5,Final Fantasy
2,DanB_TS,IAAcademy,Mysterious Mayhem,Royal Towers: Journal - Aelana's Room (Diplomatic Missive),Timespinner
2,Flint Land 2,IAAcademy,Artifex Merit,Space Zone Secret Course - 24 Coins,Super Mario Land 2
2,CrystalPM,IAAcademy,Ludus Merit,KR Pleasant Crossroads Behind Peg,Paper Mario
2,RaviaXIV,IAAcademy,Obscure Occultics,Something in the Water (FATE),Manual_FFXIV_Silasary
2,Benny's Quest,IAAcademy,Mysterious Mayhem,Movement Pack,DLCQuest
2,XawneKH2,IAAcademy,Mysterious Mayhem,(PL) Jungle Serenity Gem,Kingdom Hearts 2
2,PitchouliSpin,IAAcademy,Forbidden Rune,Library: Memory - Waterway (A Message),Timespinner
2,CrystalOoT,IAAcademy,Ludus Crystal,Graveyard Freestanding PoH,Ocarina of Time
2,DavidSC2,IAAcademy,Animus Gems,Evil Awoken: Third Particle Cannon,Starcraft 2
2,MauveStudy,IAAcademy,Ludus Merit,Minuet in C - 1,Manual_Study_Mauve
2,DavidWitness,IAAcademy,Animus Merit,Glass Factory Entry Panel,The Witness
2,CaesiusPN,IAAcademy,Animus Gems,(BT Main) Ledge Behind Shadow Monster,Psychonauts
2,maddy.mp3,IAAcademy,Mysterious Mayhem,Floating Blocks Strawberry,Celeste 64
2,MatiSC2,IAAcademy,Strange Setback,Zero Hour: First Group Rescued,Starcraft 2
3,DanB_SOE,IAAcademy,Eruditus Gems,Corrosion,Secret of Evermore
3,DanB_SOE,IAAcademy,Strange Setback,Levitate,Secret of Evermore
3,DanB_SOE,IAAcademy,Eruditus Gems,Volcano Viper,Secret of Evermore
3,DanB_SOE,IAAcademy,Catastrophe,Blimp's Hut #12,Secret of Evermore
3,DanB_SOE,IAAcademy,Eruditus Demerit,Swamp #67,Secret of Evermore
3,DanB_SOE,IAAcademy,Eruditus Demerit,Arena Holding #98,Secret of Evermore
3,DanB_SOE,IAAcademy,Eruditus Merit,Arena Holding #99,Secret of Evermore
3,DanB_SOE,IAAcademy,Mysterious Mayhem,Crustacia Interior #114,Secret of Evermore
3,DanB_SOE,IAAcademy,Eruditus Crystal,Ebon Sewers #192,Secret of Evermore
3,DanB_SOE,IAAcademy,Eruditus Demerit,Ivor Houses #220,Secret of Evermore
3,DanB_SOE,IAAcademy,Eruditus Demerit,Ivor Houses #238,Secret of Evermore
3,DanB_SOE,IAAcademy,Mysterious Mayhem,Ebon Houses #248,Secret of Evermore
3,DanB_SOE,IAAcademy,Fishing Bait,Ivor East #258,Secret of Evermore
3,DanB_SOE,IAAcademy,Eruditus Demerit,Ebon Storage #273,Secret of Evermore
3,DavidSC2,IAAcademy,Mysterious Mayhem,The Spear of Adun: North Power Cell,Starcraft 2
3,DavidSC2,IAAcademy,Animus Crystal,The Spear of Adun: East Power Cell,Starcraft 2
3,Tzuf-OoT,IAAcademy,Eruditus Gems,ZR Open Grotto Beehive 2,Ocarina of Time
3,Tzuf-OoT,IAAcademy,Eruditus Crystal,Kak GS House Under Construction,Ocarina of Time
3,Tzuf-OoT,IAAcademy,Eruditus Crystal,HF Open Grotto Beehive 1,Ocarina of Time
3,Trixie_SMZ3,IAAcademy,Forbidden Rune,Missile (pink Brinstar top),SMZ3
3,KnightsEdge7Mess,IAAcademy,Animus Merit,Autumn Hills Seal - Spike Ball Swing,The Messenger
3,KnightsEdge7Mess,IAAcademy,Animus Gems,Bamboo Creek Seal - Spike Crushers and Doors,The Messenger
3,KnightsEdge7Mess,IAAcademy,Animus Merit,Abandoned Mega Shard,The Messenger
3,KnightsEdge7Mess,IAAcademy,Catastrophe,Howling Grotto - Emerald Golem,The Messenger
3,KnightsEdge7Mess,IAAcademy,The Index of Magical Creatures,The Shop - Serendipitous Bodies,The Messenger
3,DanB_TS,IAAcademy,Conjuration Wand,Caves of Banishment (Maw): Single shroom room,Timespinner
3,DanB_TS,IAAcademy,Eruditus Gems,Caves of Banishment (Maw): Last chance before Maw,Timespinner
3,SandraTerra,IAAcademy,Eruditus Merit,(T) Radiant Garden Purification Facility Chaos Crystal Chest,Kingdom Hearts Birth by Sleep
3,DavidAHIT,IAAcademy,Animus Merit,Dead Bird Studio - Red Building Top,A Hat in Time
3,DavidAHIT,IAAcademy,Animus Gems,Green Clean Station Thug A - Item 5,A Hat in Time
3,FinalTimer,IAAcademy,Animus Merit,Deface the Facts (FATE),Manual_FFXIV_Silasary
3,FinalTimer,IAAcademy,Mysterious Mayhem,Bigger Fish to Fry (FATE),Manual_FFXIV_Silasary
3,FinalTimer,IAAcademy,Animus Gems,Basic Training: Enemy Strongholds,Manual_FFXIV_Silasary
3,JophesArcanePRB,IAAcademy,Ludus Merit,Pokedex - Spearow,Pokemon Red and Blue
3,Benny's Quest,IAAcademy,Eruditus Merit,Particles Pack,DLCQuest
3,SandraVentus,IAAcademy,Mysterious Mayhem,(V) Olympus Coliseum World Cleared Mark of a Hero,Kingdom Hearts Birth by Sleep
3,SandraVentus,IAAcademy,5 Eruditus Crystals,(V) Olympus Coliseum Defeat Jellyshade Swarm Air Slide,Kingdom Hearts Birth by Sleep
3,No6 Light,IAAcademy,Divination Scroll,Dark World Potion Shop Right,A Link to the Past
3,Tzuf-SMZ3,IAAcademy,Potion Ingredient,Hobo,SMZ3
4,humbug,IAAcademy,Mysterious Mayhem,Library: Backer room chest 1,Timespinner
4,humbug,IAAcademy,2 Ludus Crystals,Varndagroth Towers (Left): Air vents secret,Timespinner
4,humbug,IAAcademy,Divination Scroll,Library: Memory - Library Gap (Lachiemi Sun),Timespinner
4,humbug,IAAcademy,Mysterious Mayhem,Varndagroth Towers (Right): Memory - Bottom (Faron),Timespinner
4,Tzuf-OoT,IAAcademy,Mysterious Mayhem,DMC GS Crate,Ocarina of Time
4,Tzuf-OoT,IAAcademy,Conjuration Wand,DMC Upper Grotto Beehive 1,Ocarina of Time
4,Tzuf-OoT,IAAcademy,Potion Ingredient,Spirit Temple Before Child Climb Small Wooden Crate 2,Ocarina of Time
4,JophesArcanePRB,IAAcademy,Ludus Crystal,Pokedex - Hypno,Pokemon Red and Blue
4,CrystalOoT,IAAcademy,Ludus Merit,LW GS Bean Patch Near Bridge,Ocarina of Time
4,Trixie_SC2,IAAcademy,Eruditus Gems,Lab Rat: West Zergling Group,Starcraft 2
4,ReineySC2,IAAcademy,Mysterious Mayhem,Shoot the Messenger: Southwest Frozen Zerg,Starcraft 2
4,GarBMX,IAAcademy,Divination Orb,Tagged 35 Graffiti Spots,Bomb Rush Cyberfunk
4,RaviaXIV,IAAcademy,Ludus Gems,Toy Hunter (FETE),Manual_FFXIV_Silasary
4,WitnesMagicSnake,IAAcademy,Eruditus Gems,Desert Stairs Right EP,The Witness
4,CrystalPM,IAAcademy,Ludus Demerit,KR Path to Fortress 1 Hidden Block,Paper Mario
4,GarboVsDOG,IAAcademy,Pitchouli's Phoenix Feather,Photosynthesis,Terraria
4,DustyPast,IAAcademy,Artifex Merit,Castle Tower - Room 03,A Link to the Past
5,FlintHearts,IAAcademy,Mysterious Mayhem,Traverse Town Geppetto's House Geppetto Reward 1,Kingdom Hearts
5,FlintHearts,IAAcademy,Mysterious Mayhem,Traverse Town Geppetto's House Geppetto Reward 3,Kingdom Hearts
5,FlintHearts,IAAcademy,Forbidden Rune,Atlantica Undersea Garden Clam,Kingdom Hearts
5,ReineySC2,IAAcademy,Joseph's Music Box,The Moebius Factor: 3rd Data Core,Starcraft 2
5,XawneKH2,IAAcademy,Mysterious Mayhem,(DC) Minnie Escort Bonus: Sora Slot 2,Kingdom Hearts 2
5,XawneKH2,IAAcademy,Artifex Merit,(AG) Bazaar AP Boost,Kingdom Hearts 2
5,ffuzzem,IAAcademy,Ludus Merit,Meteor Falls 1F - Item West,Pokemon Emerald
5,ffuzzem,IAAcademy,Divination Orb,Route 114 - Berry from Man Near House,Pokemon Emerald
5,ffuzzem,IAAcademy,Conjuration Wand,Route 111 - Picnicker Irene,Pokemon Emerald
5,sheen_ff12,IAAcademy,Mysterious Mayhem,Balthier's Starting Items (1),Final Fantasy 12 Open World
5,sheen_ff12,IAAcademy,Mysterious Mayhem,Basch's Starting Items (6),Final Fantasy 12 Open World
5,Tzuf-OoT,IAAcademy,Strange Setback,Dodongos Cavern Staircase Pot 4,Ocarina of Time
5,Trixie_SC2,IAAcademy,Mysterious Mayhem,Outbreak: South Bar,Starcraft 2
5,Xawne-Osu,IAAcademy,Divination Orb,Song 42 (Item 2),osu!
5,IncoEm,IAAcademy,Artifex Gems,Dewford Gym - TM08 from Brawly,Pokemon Emerald
5,IncoEm,IAAcademy,Artifex Gems,Granite Cave 1F - HM05 from Hiker,Pokemon Emerald
5,GarBMX,IAAcademy,Mysterious Mayhem,Hideout: Unlock phone app,Bomb Rush Cyberfunk
5,GarBMX,IAAcademy,Artifex Demerit,Millennium Square: Walkway roof skates,Bomb Rush Cyberfunk
5,GarBMX,IAAcademy,Artifex Demerit,Millennium Square: Alley ledge skates,Bomb Rush Cyberfunk
5,GarBMX,IAAcademy,Mysterious Mayhem,Brink Terminal: Upside grind challenge reward,Bomb Rush Cyberfunk
5,GarBMX,IAAcademy,Mysterious Mayhem,Brink Terminal: Under square ledge graffiti,Bomb Rush Cyberfunk
5,IncoSC2,IAAcademy,2 Artifex Crystals,The Growing Shadow: Templar Base,Starcraft 2
5,CrystalOoT,IAAcademy,Forbidden Rune,Dodongos Cavern Bomb Bag Chest,Ocarina of Time
6,DanB_TS,IAAcademy,Eruditus Crystal,Library: Basement,Timespinner
6,PitchouliArk,IAAcademy,Animus Gems,Bloody Park - Item 22,Manual_ChronoArk_Pitchouli
6,PitchouliArk,IAAcademy,Fishing Bait,Bloody Park - Item 38,Manual_ChronoArk_Pitchouli
6,PitchouliArk,IAAcademy,Animus Merit,Bloody Park - Item 42,Manual_ChronoArk_Pitchouli
6,PitchouliArk,IAAcademy,Mysterious Mayhem,Bloody Park - Item 5,Manual_ChronoArk_Pitchouli
6,PitchouliArk,IAAcademy,Mysterious Mayhem,Bloody Park - Item 18,Manual_ChronoArk_Pitchouli
6,ReineySC2,IAAcademy,Eruditus Crystal,Breakout: First Checkpoint,Starcraft 2
6,ffuzzem,IAAcademy,5 Ludus Crystals,Lavaridge Gym - Cooltrainer Gerald,Pokemon Emerald
6,ffuzzem,IAAcademy,Strange Setback,Jagged Pass - Triathlete Julio,Pokemon Emerald
6,ffuzzem,IAAcademy,Forbidden Rune,Mt Chimney - Expert Shelby,Pokemon Emerald
6,Trixie_SC2,IAAcademy,Divination Orb,The Great Train Robbery: Northwest Diamondback,Starcraft 2
6,Trixie_SC2,IAAcademy,Eruditus Demerit,Welcome to the Jungle: Middle Base,Starcraft 2
6,JessicaToThePast,IAAcademy,Animus Demerit,Flute Spot,A Link to the Past
7,sheen_ff12,IAAcademy,2 Eruditus Crystals,Archades - Pinewood Chop 8 Reward (1),Final Fantasy 12 Open World
7,sheen_ff12,IAAcademy,Rune-etched Popsicle,Old Archades - Alley of Muted Sighs Treasure 8,Final Fantasy 12 Open World
7,sheen_ff12,IAAcademy,Mysterious Mayhem,Archades - Pinewood Chop 4 Reward (1),Final Fantasy 12 Open World
7,Trixie_SC2,IAAcademy,Mysterious Mayhem,Ghost of a Chance: Jorium Stockpile,Starcraft 2
7,MatiHK,IAAcademy,Animus Demerit,Grubfather_7,Hollow Knight
7,Xawne-Osu,IAAcademy,2 Artifex Crystals,Song 109 (Item 1),osu!
8,FKWitness,IAAcademy,Conjuration Wand,Monastery Middle Shutter EP,The Witness
8,DavidSC2,IAAcademy,Animus Merit,Planetfall: North Gate,Starcraft 2
8,DavidSC2,IAAcademy,Animus Merit,Planetfall: West Expansion,Starcraft 2
8,DavidSC2,IAAcademy,Mysterious Mayhem,Safe Haven: East Nexus,Starcraft 2
8,sheen_ff12,IAAcademy,Strange Setback,Dreadnought Leviathan - Port Section Treasure 4,Final Fantasy 12 Open World
8,sheen_ff12,IAAcademy,Strange Setback,Ogir-Yensa Sandsea - Central Junction Treasure 7,Final Fantasy 12 Open World
8,sheen_ff12,IAAcademy,Eruditus Gems,Tomb of Raithwall - Southfall Passage Treasure 4,Final Fantasy 12 Open World
8,ReineySC2,IAAcademy,Eruditus Demerit,Outbreak: South Infested Command Center,Starcraft 2
8,SandraTerra,IAAcademy,Eruditus Merit,(T) Disney Town Pete's Rec Room Break Time Chest,Kingdom Hearts Birth by Sleep
8,MatiHK,IAAcademy,Animus Gems,Crossroads_Map,Hollow Knight
8,MatiHK,IAAcademy,Mysterious Mayhem,Soul_Totem-Crossroads_Mawlek_Lower,Hollow Knight
8,RoobyRoo_HK,IAAcademy,Artifex Merit,Soul_Totem-Crossroads_Mawlek_Lower,Hollow Knight
8,RoobyRoo_HK,IAAcademy,Artifex Gems,Geo_Rock-Crossroads_Above_Mawlek,Hollow Knight
9,Tzuf-SotN,IAAcademy,Mysterious Mayhem,NO0 - Potion(Middle clock),Symphony of the Night
9,Tzuf-SotN,IAAcademy,Divination Orb,TOP - Falchion,Symphony of the Night
9,Tzuf-SotN,IAAcademy,Mysterious Mayhem,Enemysanity: 85 - Hammer,Symphony of the Night
9,Tzuf-SotN,IAAcademy,Eruditus Gems,Enemysanity: 74 - Minotaurus,Symphony of the Night
9,ReineySC2,IAAcademy,2 Eruditus Crystals,Smash and Grab: Victory,Starcraft 2
9,XawneKH2,IAAcademy,Mysterious Mayhem,(AG) Lamp Charm,Kingdom Hearts 2
9,DavidSC2,IAAcademy,Animus Merit,Infested: First Intro Garrison,Starcraft 2
9,IncoSC2,IAAcademy,Strange Setback,Unsealing the Past: Second Stasis Lock,Starcraft 2
9,ReineyOW,IAAcademy,Forbidden Rune,ET Ship Log: Lakebed Cave 2 - Entanglement Rule,Outer Wilds
10,DavidSC2,IAAcademy,Orange Heartstone,Media Blitz: Odin Not Trashed,Starcraft 2
10,DavidSC2,IAAcademy,Animus Demerit,Amon's Reach: North Solarite Reserve,Starcraft 2
10,ReineySC2,IAAcademy,2 Eruditus Crystals,Back in the Saddle: Crushing Grip,Starcraft 2
10,ReineySC2,IAAcademy,Mysterious Mayhem,The Dig: Door Thermal Barrier,Starcraft 2
10,Trixie_VS,IAAcademy,Eruditus Merit,Survive with Rottin' Ghoul,Manual_VampireSurvivors_Jones
10,Trixie_VS,IAAcademy,Potion Ingredient,Survive with Probotector,Manual_VampireSurvivors_Jones
10,GarboVsDOG,IAAcademy,Mysterious Mayhem,Santa-NK1,Terraria
10,Tzuf-OoT,IAAcademy,Mysterious Mayhem,HF Inside Fence Grotto Beehive,Ocarina of Time
10,MauveStudy,IAAcademy,Encyclopedic Tome,Level 050 Chest,Manual_Study_Mauve
11,ReineySC2,IAAcademy,Strange Setback,Ghosts in the Fog: Victory,Starcraft 2
11,ReineySC2,IAAcademy,Mysterious Mayhem,Safe Haven: South Nexus,Starcraft 2
11,DavidSC2,IAAcademy,Strange Setback,Domination: Close Baneling Nest,Starcraft 2
11,DavidSC2,IAAcademy,Catastrophe,Domination: South Baneling Nest,Starcraft 2
11,DavidSC2,IAAcademy,Animus Merit,Phantoms of the Void: Mid Temple,Starcraft 2
11,DavidSC2,IAAcademy,Animus Merit,A Sinister Turn: East Preserver,Starcraft 2
11,RaviaXIV,IAAcademy,Ludus Gems,Pound for Pound (FATE),Manual_FFXIV_Silasary
11,Flint Land 2,IAAcademy,5 Artifex Crystals,Space Zone 2 - 52 Coins,Super Mario Land 2
11,Xawne-Osu,IAAcademy,5 Artifex Crystals,Song 33 (Item 2),osu!
12,ReineySC2,IAAcademy,Eruditus Merit,A Sinister Turn: East Preserver,Starcraft 2
12,DavidSC2,IAAcademy,Mysterious Mayhem,Devil's Playground: Southwest Reapers,Starcraft 2
12,DavidSC2,IAAcademy,Animus Crystal,Smash and Grab: Second Forcefield Area Busted,Starcraft 2
12,DavidSC2,IAAcademy,Animus Gems,For Aiur!: Victory,Starcraft 2
12,MatiHK,IAAcademy,Animus Gems,Geo_Rock-Greenpath_Second_Skip_Lower,Hollow Knight
13,FinalTimer,IAAcademy,Mind Blaster,The Hunted (FATE),Manual_FFXIV_Silasary
13,FinalTimer,IAAcademy,5 Animus Crystals,To Train a Tortoise (FATE),Manual_FFXIV_Silasary
13,DavidSC2,IAAcademy,Animus Gems,Harbinger of Oblivion: Southeast Void Crystal,Starcraft 2
13,Tzuf-OoT,IAAcademy,Eruditus Demerit,Kak Impas House Cow,Ocarina of Time
13,Trixie_SC2,IAAcademy,Eruditus Gems,Dark Whispers: First Pylon,Starcraft 2
13,Trixie_SC2,IAAcademy,Flint & Steel Locket,A Sinister Turn: Templar Archives,Starcraft 2
13,MatiHK,IAAcademy,Mysterious Mayhem,Geo_Rock-Greenpath_Obbles_Fool_Eater,Hollow Knight
13,ReineySC2,IAAcademy,Potion Ingredient,Purification: Victory,Starcraft 2
13,ReineySC2,IAAcademy,Eruditus Crystal,Harvest of Screams: Nafash,Starcraft 2
13,CaesiusPN,IAAcademy,Mysterious Mayhem,(WW Main) Small Arch Top,Psychonauts
13,Xawne-Osu,IAAcademy,Strange Setback,Song 49 (Item 1),osu!
13,WitnesMagicSnake,IAAcademy,Strange Setback,Shadows Quarry Stoneworks Rooftop Vent EP,The Witness
14,XawneKH2,IAAcademy,Mysterious Mayhem,(TR) Future Pete Bonus: Goofy Slot 1,Kingdom Hearts 2
14,ReineySC2,IAAcademy,Eruditus Gems,Flashpoint: Far North Evidence Coordinates,Starcraft 2
14,DavidSC2,IAAcademy,Mysterious Mayhem,Piercing the Shroud: Victory,Starcraft 2
14,Trixie_SC2,IAAcademy,Divination Orb,Ghosts in the Fog: East Rock Formation,Starcraft 2
14,Xawne-Osu,IAAcademy,Artifex Gems,Song 112 (Item 2),osu!
14,DanB_TS,IAAcademy,Mysterious Mayhem,Library: Storage room chest 3,Timespinner
15,ReineySC2,IAAcademy,Forbidden Rune,The Infinite Cycle: First Hall of Revelation,Starcraft 2
15,DavidSC2,IAAcademy,Animus Crystal,Waking the Ancient: East Essence Pool,Starcraft 2
15,DavidSC2,IAAcademy,Obscure Occultics,Rak'Shir: Victory,Starcraft 2
15,MauveKnight,IAAcademy,Divination Orb,Soul_Catcher,Hollow Knight
16,DavidSC2,IAAcademy,Animus Crystal,Echoes of the Future: Victory,Starcraft 2
16,ffuzzlingo,IAAcademy,Ludus Crystal,Crossroads - CROSSROADS,Lingo
16,ffuzzlingo,IAAcademy,Ludus Crystal,Hedge Maze - DOWN,Lingo
16,ffuzzlingo,IAAcademy,Ludus Gems,Outside The Initiated - FUTURE (2),Lingo
16,ffuzzlingo,IAAcademy,Mysterious Mayhem,The Traveled - RECORD,Lingo
16,ffuzzlingo,IAAcademy,Mysterious Mayhem,The Traveled - CATEGORY,Lingo
16,ffuzzlingo,IAAcademy,Ludus Demerit,The Traveled - FOUR,Lingo
16,DavidWitness,IAAcademy,Pharseeing Stone,Quarry Stoneworks Entry Right Panel,The Witness
16,JophesArcaneDLCQ,IAAcademy,Ludus Merit,I Get That Reference!,DLCQuest
17,XawneKH2,IAAcademy,2 Artifex Crystals,(OC) Cerberus Bonus: Sora Slot 1,Kingdom Hearts 2
17,MatiHK,IAAcademy,Animus Merit,Salubra_(Requires_Charms)_1,Hollow Knight
17,ReineySC2,IAAcademy,Eruditus Gems,Trouble In Paradise: North Shield Projector,Starcraft 2
17,ReineySC2,IAAcademy,Mysterious Mayhem,For Aiur!: West Conduit,Starcraft 2
17,CrystalPM,IAAcademy,Ludus Gems,TTT Rip Cheato's Home (B3) Rip Cheato Offer 4,Paper Mario
17,FKWitness,IAAcademy,Mysterious Mayhem,Caves Right Upstairs Right Row 3,The Witness
18,MatiHK,IAAcademy,Divination Orb,Greenpath_Stag,Hollow Knight
18,ffuzzlingo,IAAcademy,Encyclopedic Tome,Champion's Rest - SECRET RED,Lingo
18,RoobyRoo_HK,IAAcademy,Artifex Gems,Hallownest_Seal-Fog_Canyon_West,Hollow Knight
18,KnightsEdge7Mess,IAAcademy,Catastrophe,The Shop - Rejuvenative Spirit,The Messenger
18,jf-hollow,IAAcademy,Mysterious Mayhem,Lore_Tablet-Greenpath_Lifeblood,Hollow Knight
19,FKLingo,IAAcademy,Artifex Gems,Art Gallery - EON,Lingo
19,FKLingo,IAAcademy,Artifex Merit,Crossroads - SWORD,Lingo
19,FKLingo,IAAcademy,Mysterious Mayhem,Crossroads - TURN,Lingo
19,FKLingo,IAAcademy,Mysterious Mayhem,Amen Name Area - NAME,Lingo
19,FKLingo,IAAcademy,Essential Oil,Suits Area - CLUBS,Lingo
19,FKLingo,IAAcademy,Mysterious Mayhem,Orange Tower Fourth Floor - HOT CRUSTS,Lingo
19,FinalTimer,IAAcademy,Animus Demerit,The Grey (FATE),Manual_FFXIV_Silasary
19,FinalTimer,IAAcademy,Mysterious Mayhem,A Freeze Is Coming (FATE),Manual_FFXIV_Silasary
19,FinalTimer,IAAcademy,Zands of the Abyss,Spring Forward Fall Back (FATE),Manual_FFXIV_Silasary
19,MatiHK,IAAcademy,Animus Merit,Lifeblood_Cocoon-Fog_Canyon_West,Hollow Knight
19,MauveKnight,IAAcademy,Ludus Crystal,Sly_11,Hollow Knight
19,MiroAhit,IAAcademy,Artifex Gems,Mafia Town - Blue Vault Brewing Crate,A Hat in Time
19,FKWitness,IAAcademy,Forbidden Rune,Caves First Floor Middle,The Witness
19,Mati,IAAcademy,Fishing Bait,Lumberjack Tree,A Link to the Past
20,RaviaXIV,IAAcademy,Strange Setback,The Corpse Bribe (FATE),Manual_FFXIV_Silasary
20,FinalTimer,IAAcademy,2 Animus Crystals,Front and Center (FATE),Manual_FFXIV_Silasary
20,DavidWitness,IAAcademy,Essential Oil,Caves First Floor Middle,The Witness
21,ReineySC2,IAAcademy,Eruditus Merit,Piercing the Shroud: Brutalisk Relic,Starcraft 2
21,RoobyRoo_HK,IAAcademy,Fishing Bait,King's_Idol-Cliffs,Hollow Knight
21,RoobyRoo_HK,IAAcademy,Potion Ingredient,Geo_Rock-Greenpath_Toll_Hidden,Hollow Knight
22,RoobyRoo_HK,IAAcademy,Dreamy Soft Pillow,Grub-Howling_Cliffs,Hollow Knight
22,Tzuf-OoT,IAAcademy,Eruditus Gems,Spirit Temple Central Chamber Flying Pot 1,Ocarina of Time
22,MatiHK,IAAcademy,Animus Merit,Geo_Rock-Ancestral_Mound_Dupe,Hollow Knight
24,calamitas.mp3,IAAcademy,Catastrophe,Moon Lord,Terraria
24,GarboVsDOG,IAAcademy,5 Artifex Crystals,Moon Lord,Terraria
25,jf-hollow,IAAcademy,Mysterious Mayhem,Boss_Essence-Elder_Hu,Hollow Knight
25,Trixie_VS,IAAcademy,Strange Setback,The Bone Zone Chest 3,Manual_VampireSurvivors_Jones
26,GarboVsDOG,IAAcademy,Forbidden Rune,Ravager,Terraria
26,GarboVsDOG,IAAcademy,Artifex Gems,Astrum Deus,Terraria
26,Xawne-Terraria,IAAcademy,Artifex Gems,Astrum Deus,Terraria
26,Xawne-Terraria,IAAcademy,Artifex Crystal,The Devourer of Gods,Terraria
26,jf-hollow,IAAcademy,Animus Gems,Lore_Tablet-Pilgrim's_Way_2,Hollow Knight
27,Trixie_SC2,IAAcademy,Fishing Bait,Back in the Saddle: Defend the Tram,Starcraft 2
27,GarboVsDOG,IAAcademy,Mysterious Mayhem,Ceaseless Void,Terraria
27,GarboVsDOG,IAAcademy,Mysterious Mayhem,The Twins,Terraria
30,Trixie_SC2,IAAcademy,Eruditus Merit,Shoot the Messenger: Victory,Starcraft 2
31,RaviaCraft,IAAcademy,Mysterious Mayhem,Media Blitz: All Starports,Starcraft 2
31,RoobyRoo_HK,IAAcademy,Artifex Merit,Geo_Rock-Fungal_After_Cornifer,Hollow Knight
32,sheen_ff12,IAAcademy,Fishing Bait,Vaan's Starting Items (3),Final Fantasy 12 Open World
32,sheen_ff12,IAAcademy,2 Eruditus Crystals,Skyferry - Hunt 26: Deathgaze Reward (2),Final Fantasy 12 Open World
32,MauveKnight,IAAcademy,5 Ludus Crystals,Leg_Eater_3,Hollow Knight
32,No6 Light,IAAcademy,Encyclopedic Tome,Superbunny Cave - Bottom,A Link to the Past
32,PitchouliAHIT,IAAcademy,Mysterious Mayhem,Mafia Town - Top of Lighthouse,A Hat in Time
33,RaviaCraft,IAAcademy,Ludus Merit,Purification: Purifier Warden,Starcraft 2
33,RaviaCraft,IAAcademy,Ludus Merit,Breakout: Second Checkpoint,Starcraft 2
33,RoobyRoo_HK,IAAcademy,Artifex Crystal,Geo_Rock-Mantis_Outskirts_Alcove,Hollow Knight
33,MatiHK,IAAcademy,Animus Gems,Iselda_15,Hollow Knight
33,calamitas.mp3,IAAcademy,Empathy Quill,Acid Rain Tier 2,Terraria
34,Khold-IAAA-LTTP,IAAcademy,Ludus Merit,Sahasrahla's Hut - Left,A Link to the Past
34,Khold-IAAA-LTTP,IAAcademy,Divination Orb,Sahasrahla's Hut - Middle,A Link to the Past
34,rhythm.Ventus,IAAcademy,Catastrophe,(V) Radiant Garden Fountain Court Counter Rush Chest,Kingdom Hearts Birth by Sleep
34,rhythm.Ventus,IAAcademy,Futz's Reinboots,(V) Olympus Coliseum Vestibule Map Chest,Kingdom Hearts Birth by Sleep
34,humbug,IAAcademy,Strange Setback,Library: Terminal 3 (Emporer Nuvius),Timespinner
34,ffuzzem,IAAcademy,Ludus Merit,Route 111 - Winstrate Vicky,Pokemon Emerald
34,ffuzzem,IAAcademy,Sparkliest Rock,Route 121 - Hidden Item in Maze 1,Pokemon Emerald
34,ffuzzem,IAAcademy,Forbidden Rune,Route 117 - Triathlete Dylan,Pokemon Emerald
34,ffuzzem,IAAcademy,Divination Orb,Route 123 - Cooltrainer Jazmyn,Pokemon Emerald
34,ffuzzem,IAAcademy,Mysterious Mayhem,Weather Institute 2F - Team Aqua Grunt 3,Pokemon Emerald
34,CrystalEmerald,IAAcademy,Slime Cores,Mossdeep Gym - Psychic Hannah,Pokemon Emerald
34,CrystalEmerald,IAAcademy,Catastrophe,Space Center - Team Magma Grunt 2,Pokemon Emerald
34,CrystalEmerald,IAAcademy,Strange Setback,Mossdeep Gym - TM04 from Tate and Liza,Pokemon Emerald
34,CrystalEmerald,IAAcademy,Mysterious Mayhem,Space Center - Team Magma Grunt 1,Pokemon Emerald
34,RaviaCraft,IAAcademy,Ludus Demerit,The Great Train Robbery: Victory,Starcraft 2
34,RaviaCraft,IAAcademy,Ludus Merit,Dark Whispers: First Pylon,Starcraft 2
34,RaviaCraft,IAAcademy,Mysterious Mayhem,Engine of Destruction: Odin,Starcraft 2
34,maddy.mp3,IAAcademy,Ludus Crystal,Troll Strawberry,Celeste 64
35,XawneKH2,IAAcademy,Artifex Gems,(100Acre) Rabbit's House AP Boost,Kingdom Hearts 2
35,ffuzzem,IAAcademy,Strange Setback,Route 119 - Berry Tree North 3,Pokemon Emerald
35,ffuzzem,IAAcademy,Mysterious Mayhem,Route 120 - Berry Tree South 3,Pokemon Emerald
35,ffuzzem,IAAcademy,Ludus Gems,Route 120 - Berry Tree Pond 2,Pokemon Emerald
35,ffuzzem,IAAcademy,Ludus Merit,Route 121 - Berry Tree West 3,Pokemon Emerald
35,CrystalPM,IAAcademy,Mysterious Mayhem,BM Foyer Hidden Panel,Paper Mario
35,RoobyRoo_HK,IAAcademy,Divination Orb,Seer_6,Hollow Knight
36,IncoSC2,IAAcademy,Artifex Gems,Zero Hour: Fourth Hatchery,Starcraft 2
36,MauveStudy,IAAcademy,Ludus Gems,Chromatic Rag - 0,Manual_Study_Mauve
37,RaviaCraft,IAAcademy,Mysterious Mayhem,Back in the Saddle: Crushing Grip,Starcraft 2
37,RaviaCraft,IAAcademy,Mysterious Mayhem,Back in the Saddle: Reach the Sublevel,Starcraft 2
37,RaviaCraft,IAAcademy,Mysterious Mayhem,The Moebius Factor: South Rescue,Starcraft 2
37,RaviaCraft,IAAcademy,Essential Oil,Rak'Shir: East Slayn Elemental,Starcraft 2
37,RaviaCraft,IAAcademy,Ludus Gems,The Infinite Cycle: First Xel'Naga Device,Starcraft 2
37,IncoSC2,IAAcademy,Syrina's Illegible Map,Sky Shield: West Raynor Base,Starcraft 2
37,CaesiusMM,IAAcademy,Animus Gems,Southern Swamp Deku Trade,Majora's Mask Recompiled
37,GarBMX,IAAcademy,Mauve Butterfly,Tagged 140 Graffiti Spots,Bomb Rush Cyberfunk
38,RaviaCraft,IAAcademy,Fishing Bait,Lab Rat: Overlord,Starcraft 2
38,RaviaCraft,IAAcademy,Break The Rules,A Sinister Turn: Maar,Starcraft 2
39,RaviaXIV,IAAcademy,Potion Ingredient,Full of Rigor Mortis (FATE),Manual_FFXIV_Silasary
39,RaviaXIV,IAAcademy,Divination Orb,Gyve Talk (FATE),Manual_FFXIV_Silasary
40,IncoSC2,IAAcademy,Artifex Gems,Harbinger of Oblivion: North Xel'Naga Vessel,Starcraft 2
41,IncoSC2,IAAcademy,Artifex Gems,Outbreak: North Bar,Starcraft 2
41,IncoSC2,IAAcademy,5 Artifex Crystals,Outbreak: Right Infestor,Starcraft 2
41,PitchouliAHIT,IAAcademy,Mysterious Mayhem,Yellow Overpass Station - Yellow Ticket Booth,A Hat in Time
41,PitchouliAHIT,IAAcademy,Mysterious Mayhem,Act Completion (Pink Paw Manhole),A Hat in Time
41,Trixie_SC2,IAAcademy,Eruditus Merit,Maw of the Void: Northwest Rip Field Generator,Starcraft 2
42,IncoSC2,IAAcademy,Artifex Merit,Gates of Hell: 8 Drop Pods,Starcraft 2
43,IncoSC2,IAAcademy,Artifex Merit,Welcome to the Jungle: West Relic,Starcraft 2
43,Trixie_SC2,IAAcademy,Eruditus Demerit,Shatter the Sky: Northwest Coolant Tower,Starcraft 2
44,IncoSC2,IAAcademy,Mysterious Mayhem,Forbidden Weapon: South Solarite,Starcraft 2
45,IncoSC2,IAAcademy,Artifex Merit,Hand of Darkness: Kill 7 Hybrid,Starcraft 2
45,IncoSC2,IAAcademy,Artifex Crystal,Shoot the Messenger: Destroy 4 Shuttles,Starcraft 2
46,IncoSC2,IAAcademy,Mysterious Mayhem,Steps of the Rite: First Terrazine Fog,Starcraft 2
46,CrystalOoT,IAAcademy,Ludus Merit,GC Deku Scrub Grotto Center,Ocarina of Time
47,Tzuf-OoT,IAAcademy,Eruditus Gems,Bottom of the Well Basement Pot 12,Ocarina of Time
48,RaviaXIV,IAAcademy,Ludus Merit,Don't Know Wyvern (FATE),Manual_FFXIV_Silasary
48,GarboV1,IAAcademy,Divination Orb,1-1: Secret #1,ULTRAKILL
48,Xawne-Osu,IAAcademy,Strange Setback,Song 41 (Item 2),osu!
49,IncoSC2,IAAcademy,Sparkliest Rock,Domination: Repel Zagara,Starcraft 2
50,IncoSC2,IAAcademy,Divination Orb,Temple of Unification: East Celestial Lock,Starcraft 2
50,IncoSC2,IAAcademy,5 Artifex Crystals,The Great Train Robbery: 2 Trains Destroyed,Starcraft 2
50,FinalTimer,IAAcademy,Mysterious Mayhem,The Four Winds (FATE),Manual_FFXIV_Silasary
50,FinalTimer,IAAcademy,Animus Gems,Home Is Where the Horn Is (FATE),Manual_FFXIV_Silasary
50,FinalTimer,IAAcademy,Animus Gems,Book of Pride (FATE),Manual_FFXIV_Silasary
50,FinalTimer,IAAcademy,Mysterious Mayhem,Call Me Mayhaps (FATE),Manual_FFXIV_Silasary
50,FinalTimer,IAAcademy,Mysterious Mayhem,What Gored Before (FATE),Manual_FFXIV_Silasary
50,RaviaXIV,IAAcademy,Tremendous Tomes,Men Who See Goats (FATE),Manual_FFXIV_Silasary
51,Xawne-Osu,IAAcademy,Artifex Gems,Song 150 (Item 1),osu!
52,MatiHK,IAAcademy,5 Animus Crystals,Seer_14,Hollow Knight
53,PitchouliAHIT,IAAcademy,Mysterious Mayhem,Dead Bird Studio - Red Building Top,A Hat in Time
54,FinalTimer,IAAcademy,Mysterious Mayhem,Stopping the Spread (FATE),Manual_FFXIV_Silasary
54,BeanTimer,IAAcademy,Animus Crystal,S.S. Chuckola Membership Card,Mario & Luigi Superstar Saga
54,MatiHK,IAAcademy,Animus Gems,Charm_Notch-Shrumal_Ogres,Hollow Knight
55,DavidSC2,IAAcademy,Animus Gems,Fire in the Sky: South Biomass,Starcraft 2
55,DavidSC2,IAAcademy,Animus Merit,Fire in the Sky: East Queen Rescue,Starcraft 2
58,PitchouliAHIT,IAAcademy,5 Animus Crystals,Act Completion (Train Rush),A Hat in Time
60,MatiSC2,IAAcademy,Animus Crystal,Zero Hour: Ride's on its Way,Starcraft 2
60,MatiSC2,IAAcademy,Mysterious Mayhem,Outbreak: South Infested Command Center,Starcraft 2
60,CaesiusPN,IAAcademy,Conjuration Wand,(CA GPC) Big Rock Near Ford,Psychonauts
60,JessicaM&L,IAAcademy,Mysterious Mayhem,Chateau Popple Room Coin Block 1,Mario & Luigi Superstar Saga
60,JessicaM&L,IAAcademy,5 Animus Crystals,Chucklehuck Woods West of Chuckleroot Block,Mario & Luigi Superstar Saga
60,JophesArcaneFF,IAAcademy,Ludus Merit,Northwest Castle - Treasury 3,Final Fantasy
60,JophesArcaneFF,IAAcademy,Mysterious Mayhem,Dwarf Cave - Treasury 2,Final Fantasy
60,DanB_SOE,IAAcademy,Tremendous Tomes,Barrier,Secret of Evermore
60,DanB_SOE,IAAcademy,Eruditus Gems,Pyramid top #139,Secret of Evermore
60,DanB_SOE,IAAcademy,Sparkliest Rock,Pyramid top #144,Secret of Evermore
60,Zanis_ALTTP,IAAcademy,Artifex Merit,Thieves' Town - Map Chest,A Link to the Past
60,Zanis_ALTTP,IAAcademy,Artifex Crystal,Hype Cave - Generous Guy,A Link to the Past
60,KnightsEdge7Hat,IAAcademy,2 Animus Crystals,Snatcher's Contract - Queen Vanessa's Manor,A Hat in Time
60,KnightsEdge7Hat,IAAcademy,Animus Crystal,Yellow Overpass Thug A - Item 1,A Hat in Time
60,KnightsEdge7Hat,IAAcademy,Animus Gems,Act Completion (Contractual Obligations),A Hat in Time
60,vick0ransje,IAAcademy,Encyclopedic Tome,Frog's Domain - Above Vault,TUNIC
60,vick0ransje,IAAcademy,Eruditus Crystal,Frog's Domain - Side Room Chest,TUNIC
60,CrystalEmerald,IAAcademy,Ludus Merit,Route 117 - Psychic Brandi,Pokemon Emerald
60,CrystalEmerald,IAAcademy,Mysterious Mayhem,Lavaridge Gym - Leader Flannery,Pokemon Emerald
60,CrystalEmerald,IAAcademy,Mysterious Mayhem,Route 111 - Winstrate Victoria,Pokemon Emerald
60,CrystalEmerald,IAAcademy,Ludus Gems,Route 111 - Secret Power from Man Near Tree,Pokemon Emerald
60,CrystalEmerald,IAAcademy,Ludus Gems,Route 111 - Berry from Girl Near Berry Trees,Pokemon Emerald
60,CrystalEmerald,IAAcademy,Strange Setback,Route 113 - Parasol Lady Madeline,Pokemon Emerald
60,CrystalEmerald,IAAcademy,Ludus Merit,Route 111 - Picnicker Becky,Pokemon Emerald
60,CrystalEmerald,IAAcademy,Strange Setback,Route 103 - Aroma Lady Daisy,Pokemon Emerald
60,CrystalEmerald,IAAcademy,Mysterious Mayhem,Mauville City - Rival Wally,Pokemon Emerald
60,CrystalEmerald,IAAcademy,Ludus Crystal,Route 113 - Item on Ledge,Pokemon Emerald
60,CrystalEmerald,IAAcademy,Mysterious Mayhem,Route 114 - Sr. and Jr. Tyra and Ivy,Pokemon Emerald
60,RoobyRoo_HK,IAAcademy,Artifex Gems,Soul_Totem-Crossroads_Goam_Journal,Hollow Knight
60,rhythm.Ventus,IAAcademy,Mysterious Mayhem,(V) Never Land Cove Megalixir Chest,Kingdom Hearts Birth by Sleep
60,rhythm.Ventus,IAAcademy,Mysterious Mayhem,(V) Never Land Peter's Hideout Mega-Ether Chest,Kingdom Hearts Birth by Sleep
60,No6 Light,IAAcademy,Forbidden Rune,Cave Shop (Lake Hylia) Right,A Link to the Past
60,No6 Light,IAAcademy,5 Animus Crystals,Blind's Hideout - Far Right,A Link to the Past
60,No6 Light,IAAcademy,Mysterious Mayhem,Cave Shop (Lake Hylia) Left,A Link to the Past
60,SandraAqua,IAAcademy,Eruditus Gems,(A) Dwarf Woodlands Deep Woods Ether Chest,Kingdom Hearts Birth by Sleep
60,sheen_ff12,IAAcademy,Mysterious Mayhem,Dreadnought Leviathan - Systems Access Key Reward (2),Final Fantasy 12 Open World
60,FlintHearts,IAAcademy,Artifex Crystal,Level 025,Kingdom Hearts
60,KnightsEdge7CC,IAAcademy,Slime Cores,Harbor: Falling Exit,CrossCode
60,DavidAHIT,IAAcademy,Forbidden Rune,Mafia Town - Secret Cave,A Hat in Time
60,JessicaToThePast,IAAcademy,2 Animus Crystals,Swamp Palace - Entrance,A Link to the Past
61,FlintHearts,IAAcademy,Artifex Gems,Wonderland Tea Party Garden Above Lotus Forest Entrance 2nd Chest,Kingdom Hearts
61,WitnesMagicSnake,IAAcademy,Eruditus Merit,Shipwreck Stern EP,The Witness
61,DavidSC2,IAAcademy,Strange Setback,Enemy Intelligence: All Garrisons,Starcraft 2
61,DavidSC2,IAAcademy,Mysterious Mayhem,The Infinite Cycle: Second Hall of Revelation,Starcraft 2
61,KnightsEdge7CC,IAAcademy,Creeture Call,Training with the Master,CrossCode
61,DavidWitness,IAAcademy,Divination Orb,Town Church Entry Panel,The Witness
61,FinalTimer,IAAcademy,Catastrophe,Boom Goes the Ceruleum (FATE),Manual_FFXIV_Silasary
61,KnightsEdge7Hat,IAAcademy,Potion Ingredient,Dead Bird Studio (Rift) - Page: Green Screen,A Hat in Time
61,MiroAhit,IAAcademy,Potion Ingredient,Alpine Skyline - Goat Outpost Horn,A Hat in Time
61,SandraKH1,IAAcademy,Eruditus Crystal,Traverse Town Mail Postcard 02 Event,Kingdom Hearts
61,No6 Light,IAAcademy,Fishing Bait,Hyrule Castle - Boomerang Chest,A Link to the Past
62,CrystalPM,IAAcademy,Mysterious Mayhem,SSS Merluvlee's House Merlow's Badges 1,Paper Mario
62,CrystalPM,IAAcademy,Mysterious Mayhem,SSS Merluvlee's House Merlow's Badges 7,Paper Mario
62,CrystalPM,IAAcademy,Ludus Demerit,SSS Merluvlee's House Merlow's Badges 8,Paper Mario
62,CrystalPM,IAAcademy,Ludus Demerit,SSS Merluvlee's House Merlow's Badges 11,Paper Mario
62,FinalTimer,IAAcademy,Mysterious Mayhem,Caving In (FATE),Manual_FFXIV_Silasary
62,FinalTimer,IAAcademy,Break The Rules,One Pickman Enters (FATE),Manual_FFXIV_Silasary
62,Xawne-Terraria,IAAcademy,Encyclopedic Tome,Santa-NK1,Terraria
62,SandraAqua,IAAcademy,Eruditus Merit,(A) Deep Space Turo Transporter Map Chest,Kingdom Hearts Birth by Sleep
62,CrystalTerraria,IAAcademy,Mysterious Mayhem,Kill the Sun,Terraria
62,MauveKnight,IAAcademy,Ludus Gems,Dashmaster,Hollow Knight
63,DavidSC2,IAAcademy,Animus Merit,Lab Rat: East Zergling Group,Starcraft 2
63,sheen_ff12,IAAcademy,Mysterious Mayhem,Cerobi Steppe - North Liavell Hills Treasure 9,Final Fantasy 12 Open World
63,sheen_ff12,IAAcademy,Eruditus Merit,Tchita Uplands - The Highlands Treasure 10,Final Fantasy 12 Open World
63,sheen_ff12,IAAcademy,Eruditus Crystal,Clan Hall - Clan Boss: King Bomb Reward (2),Final Fantasy 12 Open World
63,sheen_ff12,IAAcademy,Eruditus Crystal,Dalmasca Estersand - The Yoma Treasure 5,Final Fantasy 12 Open World
63,sheen_ff12,IAAcademy,Eruditus Gems,Salikawood - Trunkwall Road Treasure 1,Final Fantasy 12 Open World
63,CrystalOoT,IAAcademy,Forbidden Rune,Fire Temple Boulder Maze Lower Chest,Ocarina of Time
63,ffuzzlingo,IAAcademy,Conjuration Wand,Courtyard - PINECONE,Lingo
63,rhythm.SADX,IAAcademy,Potion Ingredient,Final Egg (Sonic - Life Capsule 8),Sonic Adventure DX
63,rhythm.SADX,IAAcademy,Mysterious Mayhem,Final Egg (Sonic - Life Capsule 14),Sonic Adventure DX
63,RoobyRoo_HK,IAAcademy,Mysterious Mayhem,Lore_Tablet-Greenpath_QG,Hollow Knight
63,ffuzzem,IAAcademy,Ludus Gems,Navel Rock Top - Hidden Item Sacred Ash,Pokemon Emerald
64,IncoSC2,IAAcademy,Forbidden Rune,The Moebius Factor: 2nd Data Core,Starcraft 2
64,TerranMagicSnake,IAAcademy,Sapphire,Shatter the Sky: Southwest Coolant Tower,Starcraft 2
64,CrystalPM,IAAcademy,Mysterious Mayhem,JJ Path to the Volcano Raphael Gift,Paper Mario
65,ffuzzlingo,IAAcademy,Mysterious Mayhem,The Wise - NIGH,Lingo
65,rhythm.Ventus,IAAcademy,Ludus Merit,(V) Deep Space Launch Deck Fleeting Crystal Chest,Kingdom Hearts Birth by Sleep
66,RaviaXIV,IAAcademy,Mysterious Mayhem,Wild Wilde Death (FATE),Manual_FFXIV_Silasary
66,GarboV1,IAAcademy,Mysterious Mayhem,4-2: Secret #4,ULTRAKILL
66,Flint Land 2,IAAcademy,Pirate Party,Macro Zone Secret Course - Normal Exit,Super Mario Land 2
66,Trixie_SC2,IAAcademy,Strange Setback,The Escape: Agent Stone,Starcraft 2
67,TerranMagicSnake,IAAcademy,Mysterious Mayhem,Flashpoint: Northwest Subway Entrance,Starcraft 2
67,MatiHK,IAAcademy,Animus Gems,Geo_Rock-Crossroads_Goam_Journal_Dupe,Hollow Knight
67,XawneKH2,IAAcademy,Artifex Gems,(100Acre) Kanga's House Orichalcum,Kingdom Hearts 2
70,CrystalPM,IAAcademy,Ludus Merit,FLO (NE) Fallen Logs In The Flowers,Paper Mario
70,CrystalPM,IAAcademy,Ludus Gems,FLO (East) Petunia's Field In Tree 2,Paper Mario
70,SandraKH1,IAAcademy,Mysterious Mayhem,Deep Jungle Tree House Suspended Boat Chest,Kingdom Hearts
70,SandraKH1,IAAcademy,Break The Rules,Level 014,Kingdom Hearts
70,SandraKH1,IAAcademy,Essential Oil,Level 017,Kingdom Hearts
71,Trixie_SC2,IAAcademy,Eruditus Crystal,Flashpoint: Northwest Subway Entrance,Starcraft 2
71,DanB_SOE,IAAcademy,Eruditus Gems,Mad Monk,Secret of Evermore
71,FinalTimer,IAAcademy,Mysterious Mayhem,Behold Now Behemoth (FATE),Manual_FFXIV_Silasary
71,FinalTimer,IAAcademy,Divination Orb,The Praetorium,Manual_FFXIV_Silasary
71,FinalTimer,IAAcademy,Mysterious Mayhem,The Keeper of the Lake,Manual_FFXIV_Silasary
71,FinalTimer,IAAcademy,Mysterious Mayhem,Thornmarch (Hard),Manual_FFXIV_Silasary
72,Khold-IAAA-LTTP,IAAcademy,Ludus Gems,Red Shield Shop Right,A Link to the Past
72,Khold-IAAA-LTTP,IAAcademy,Divination Orb,Skull Woods - Map Chest,A Link to the Past
72,Khold-IAAA-LTTP,IAAcademy,Ludus Merit,Ganons Tower - Hope Room - Left,A Link to the Past
72,Khold-IAAA-LTTP,IAAcademy,Ludus Merit,Brewery,A Link to the Past
72,CrystalEmerald,IAAcademy,Potion Ingredient,Lilycove City - TM44 from Man in House,Pokemon Emerald
72,CrystalEmerald,IAAcademy,Ludus Demerit,Route 121 - Cooltrainer Cristin,Pokemon Emerald
72,CrystalEmerald,IAAcademy,Ludus Crystal,Route 121 - Pokefan Vanessa,Pokemon Emerald
72,ReineySC2,IAAcademy,Eruditus Merit,The Crucible: Pincer Attack,Starcraft 2
73,DavidAHIT,IAAcademy,Strange Setback,Subcon Forest - Swamp Ice Wall,A Hat in Time
74,JessicaToThePast,IAAcademy,Animus Crystal,Blind's Hideout - Top,A Link to the Past
74,MatiHK,IAAcademy,Sparkliest Rock,Geo_Rock-Queen's_Gardens_Acid_Entrance,Hollow Knight
75,Tzuf-SMZ3,IAAcademy,Conjuration Wand,"Energy Tank, Brinstar Ceiling",SMZ3
77,MatiHK,IAAcademy,Forbidden Rune,Journal_Entry-Garpede,Hollow Knight
79,Trixie_VS,IAAcademy,Eruditus Merit,Hunt: Cosmic Egg,Manual_VampireSurvivors_Jones
79,rhythm.SADX,IAAcademy,Mysterious Mayhem,Egg Hornet Boss Fight,Sonic Adventure DX
79,rhythm.SADX,IAAcademy,Mysterious Mayhem,Sky Deck (Sonic - Life Capsule 2),Sonic Adventure DX
79,FlintHearts,IAAcademy,Divination Orb,Agrabah Plaza Top Corner Chest,Kingdom Hearts
79,FlintHearts,IAAcademy,Mysterious Mayhem,Agrabah Bazaar High Corner Chest,Kingdom Hearts
79,FlintHearts,IAAcademy,Forbidden Rune,Level 037,Kingdom Hearts
79,IncoSC2,IAAcademy,Mysterious Mayhem,Welcome to the Jungle: Up to 1 Terrazine Node Sealed,Starcraft 2
79,Flintmon Blue,IAAcademy,Mysterious Mayhem,Power Plant - South Item,Pokemon Red and Blue
79,rhythm.Ventus,IAAcademy,Mysterious Mayhem,(V) Castle of Dreams Mousehole Thunderstorm Chest,Kingdom Hearts Birth by Sleep
79,rhythm.Ventus,IAAcademy,Ludus Demerit,(V) Castle of Dreams Wardrobe Room Balloon Letter Chest,Kingdom Hearts Birth by Sleep
79,JophesArcaneFF,IAAcademy,Waxy Dragon Egg,Earth Cave Rod Locked Floor (B4) - Armory 2,Final Fantasy
79,Mati,IAAcademy,Mysterious Mayhem,Palace of Darkness - The Arena - Bridge,A Link to the Past
79,Mati,IAAcademy,Divination Orb,Palace of Darkness - Compass Chest,A Link to the Past
79,FKLingo,IAAcademy,Artifex Merit,The Observant - TWO (1),Lingo
79,FKLingo,IAAcademy,Artifex Crystal,Hedge Maze - PATH (4),Lingo
79,KnightsEdge7CC,IAAcademy,Tremendous Tomes,Global Shop Slot: Just Water,CrossCode
79,SandraVentus,IAAcademy,Conjuration Wand,(V) The Mysterious Tower Mysterious Tower Chaos Crystal Chest,Kingdom Hearts Birth by Sleep
80,PitchouliAHIT,IAAcademy,Animus Merit,Tasksanity Check 3,A Hat in Time
80,PitchouliAHIT,IAAcademy,Animus Merit,Tasksanity Check 4,A Hat in Time
80,PitchouliAHIT,IAAcademy,5 Animus Crystals,Tasksanity Check 13,A Hat in Time
80,PitchouliAHIT,IAAcademy,Animus Gems,The Arctic Cruise - Octopus Room,A Hat in Time
80,PitchouliAHIT,IAAcademy,Forbidden Rune,The Arctic Cruise - Dive Board Ledge,A Hat in Time
80,FKLingo,IAAcademy,Artifex Demerit,Room Room - WALL (16),Lingo
80,FKLingo,IAAcademy,Strange Setback,Room Room - CEILING (3),Lingo
80,Chronomon,IAAcademy,Artifex Merit,Viridian Gym - Blackbelt 1,Pokemon Red and Blue
80,Xawne-Osu,IAAcademy,Mysterious Mayhem,Song 197 (Item 2),osu!
80,FinalTimer,IAAcademy,Mysterious Mayhem,Nine-ilm Snails (FATE),Manual_FFXIV_Silasary
80,FinalTimer,IAAcademy,Potion Ingredient,Surprise (FATE),Manual_FFXIV_Silasary
80,MiroAhit,IAAcademy,Artifex Gems,Subcon Forest - Burning Forest Treehouse,A Hat in Time
80,MauveStudy,IAAcademy,Crystal Rhythm Wand,Waterlilies - 1,Manual_Study_Mauve
80,ffuzzlingo,IAAcademy,Mysterious Mayhem,Hallway Room (3) - A,Lingo
80,Benny's Quest,IAAcademy,Divination Orb,DLC Quest: 40 Coin,DLCQuest
81,KnightsEdge7Mess,IAAcademy,Animus Demerit,Searing Crags - Pyro,The Messenger
81,JophesArcanePRB,IAAcademy,Ludus Gems,Silph Co 10F - Hostage,Pokemon Red and Blue
81,JophesArcanePRB,IAAcademy,Encyclopedic Tome,Silph Co 7F - West Item,Pokemon Red and Blue
81,MatiHK,IAAcademy,Fishing Bait,Geo_Rock-Deepnest_Below_Spike_Grub_Dupe,Hollow Knight
81,No6 Dark,IAAcademy,Animus Gems,Ether Tablet,A Link to the Past
81,No6 Light,IAAcademy,Fishing Bait,Tower of Hera - Boss,A Link to the Past
81,KnightsEdge7Hat,IAAcademy,Catastrophe,Mafia HQ - Hallway Brewing Crate,A Hat in Time
81,KnightsEdge7CC,IAAcademy,Animus Gems,Garden: Crossroad Left,CrossCode
81,jf-hollow,IAAcademy,Potion Ingredient,Wanderer's_Journal-Fungal_Wastes_Thorns_Gauntlet,Hollow Knight
81,Trixie_VS,IAAcademy,Eruditus Merit,Il Molise Chest 5,Manual_VampireSurvivors_Jones
81,Trixie_VS,IAAcademy,Eruditus Merit,Hunt: Avatar of Gaea,Manual_VampireSurvivors_Jones
81,PitchouliArk,IAAcademy,Animus Gems,Charon - Token of Friendship 3,Manual_ChronoArk_Pitchouli
82,ffuzzlingo,IAAcademy,5 Ludus Crystals,Room Room - WALL (17),Lingo
82,ffuzzlingo,IAAcademy,Ludus Merit,Room Room - PAINTING,Lingo
82,ffuzzlingo,IAAcademy,Ludus Crystal,Room Room - CEILING (5),Lingo
82,RaviaXIV,IAAcademy,Ludus Gems,Stag Parting (FATE),Manual_FFXIV_Silasary
82,Flint Land 2,IAAcademy,Pitchouli's Phoenix Feather,Macro Zone 1 - 25 Coins,Super Mario Land 2
82,JessicaM&L,IAAcademy,Progressive Raccoon,Coffee Shop Hoolumbian,Mario & Luigi Superstar Saga
82,JessicaM&L,IAAcademy,Obscure Occultics,Pants Shop Chuckolator Flag 1,Mario & Luigi Superstar Saga
82,JessicaM&L,IAAcademy,Animus Gems,Coffee Shop Teeheespresso,Mario & Luigi Superstar Saga
82,JessicaM&L,IAAcademy,Magical Metals,Chucklehuck Woods After Chuckleroot Block 3,Mario & Luigi Superstar Saga
82,GarboV1,IAAcademy,Mysterious Mayhem,4-1: Secret #1,ULTRAKILL
83,KnightsEdge7CC,IAAcademy,Mysterious Mayhem,Fall: Lake Cave 2,CrossCode
83,IncoEm,IAAcademy,Artifex Gems,Petalburg Gym - TM42 from Norman,Pokemon Emerald
83,IncoEm,IAAcademy,Strange Setback,Petalburg Gym - Cooltrainer George,Pokemon Emerald
83,KnightsEdge7Hat,IAAcademy,Mysterious Mayhem,Snatcher Coins in Alpine Skyline - Main Objective,A Hat in Time
83,jf-hollow,IAAcademy,Forbidden Rune,Mark_of_Pride,Hollow Knight
83,FKYacht,IAAcademy,Artifex Merit,210 score,Yacht Dice
84,IncoEm,IAAcademy,Artifex Merit,Route 110 - Psychic Edward,Pokemon Emerald
84,IncoEm,IAAcademy,Artifex Crystal,Route 117 - Berry Tree 2,Pokemon Emerald
84,IncoEm,IAAcademy,Artifex Gems,Mauville Gym - Battle Girl Vivian,Pokemon Emerald
84,IncoEm,IAAcademy,Artifex Merit,Route 111 - Camper Tyron,Pokemon Emerald
84,KnightsEdge7Hat,IAAcademy,Mysterious Mayhem,Quality Time with Snatcher - Main Objective,A Hat in Time
85,RaviaXIV,IAAcademy,Mysterious Mayhem,The Fractal Continuum,Manual_FFXIV_Silasary
85,RaviaXIV,IAAcademy,Mysterious Mayhem,The Singularity Reactor,Manual_FFXIV_Silasary
85,RaviaXIV,IAAcademy,2 Ludus Crystals,Making Waves (FATE),Manual_FFXIV_Silasary
85,RaviaXIV,IAAcademy,Ludus Gems,Tail of a Whale (FATE),Manual_FFXIV_Silasary
85,CrystalOoT,IAAcademy,Divination Orb,Fire Temple Map Chest,Ocarina of Time
86,FKYacht,IAAcademy,Artifex Demerit,239 score,Yacht Dice
86,MatiHK,IAAcademy,Conjuration Wand,Geo_Chest-Crystal_Peak,Hollow Knight
86,MatiHK,IAAcademy,Potion Ingredient,Joni's_Blessing,Hollow Knight
87,jf-time,IAAcademy,Animus Crystal,Lake Desolation (Upper): Sparrow chest,Timespinner
87,jf-time,IAAcademy,Mysterious Mayhem,Caves of Banishment (Maw): Jackpot room chest 4,Timespinner
87,jf-time,IAAcademy,Strange Setback,Castle Ramparts: Bomber chest,Timespinner
87,jf-time,IAAcademy,Mysterious Mayhem,Castle Keep: Yas queen room,Timespinner
87,jf-time,IAAcademy,Animus Merit,Caves of Banishment (Sirens): Siren room underwater right ground,Timespinner
87,Trixie_SC2,IAAcademy,Eruditus Crystal,Unsealing the Past: East Power Core,Starcraft 2
87,jf-hollow,IAAcademy,Animus Crystal,Shopkeeper's_Key,Hollow Knight
88,Trixie_SC2,IAAcademy,Eruditus Crystal,Purification: West Sector: West Null Circuit,Starcraft 2
89,RaviaCraft,IAAcademy,Ludus Gems,All-In: Fourth Kerrigan Attack,Starcraft 2
89,GarboV1,IAAcademy,Slime Cores,0-5: Don't inflict fatal damage to any enemy,ULTRAKILL
89,GarboV1,IAAcademy,Mysterious Mayhem,2-2: Secret #5,ULTRAKILL
90,jf-hollow,IAAcademy,Mysterious Mayhem,Wanderer's_Journal-Crystal_Peak_Crawlers,Hollow Knight
91,Tzuf-SMZ3,IAAcademy,Forbidden Rune,Spectacle Rock,SMZ3
91,MatiHK,IAAcademy,Forbidden Rune,Geo_Rock-Beast's_Den_Bottom_Dupe,Hollow Knight
91,MatiHK,IAAcademy,2 Animus Crystals,Grub-Beast's_Den,Hollow Knight
91,jf-hollow,IAAcademy,Potion Ingredient,Grub-Crystal_Heart,Hollow Knight
91,jf-hollow,IAAcademy,Mysterious Mayhem,Vessel_Fragment-Deepnest,Hollow Knight
92,Chronomon,IAAcademy,Potable Paraphernalia,Route 24 - Bug Catcher,Pokemon Red and Blue
92,Trixie_SC2,IAAcademy,Mysterious Mayhem,Salvation: Assault Cluster,Starcraft 2
93,SandraAqua,IAAcademy,Chain Link,(A) Never Land Rainbow Falls: Base Fleeting Crystal Chest,Kingdom Hearts Birth by Sleep
93,Chronomon,IAAcademy,Mysterious Mayhem,Rocket Hideout B4F - Rocket 1,Pokemon Red and Blue
93,Chronomon,IAAcademy,Conjuration Wand,Route 11 - Engineer 1,Pokemon Red and Blue
93,Chronomon,IAAcademy,Forbidden Rune,Rocket Hideout B1F - West Item,Pokemon Red and Blue
93,Chronomon,IAAcademy,Mysterious Mayhem,Rocket Hideout B4F - West Item,Pokemon Red and Blue
93,Chronomon,IAAcademy,Forbidden Rune,Celadon City - Hidden Item Dead End Near Cuttable Tree,Pokemon Red and Blue
93,rhythm.Ventus,IAAcademy,Mysterious Mayhem,(V) The Keyblade Graveyard Twister Trench Ice Cream Sticker,Kingdom Hearts Birth by Sleep
93,rhythm.Ventus,IAAcademy,Essential Oil,(V) The Keyblade Graveyard Defeat Vanitas 1 Mickey D-Link,Kingdom Hearts Birth by Sleep
93,jf-hollow,IAAcademy,Animus Merit,Pale_Ore-Crystal_Peak,Hollow Knight
93,MatiHK,IAAcademy,Strange Setback,Vessel_Fragment-Crossroads,Hollow Knight
94,sheen_ff12,IAAcademy,Mysterious Mayhem,Lowtown - Hunt 42: Behemoth King Reward (2),Final Fantasy 12 Open World
94,sheen_ff12,IAAcademy,Eruditus Merit,Jahara - Hunt 15: Mindflayer Reward (1),Final Fantasy 12 Open World
94,sheen_ff12,IAAcademy,Divination Orb,Ozmone Plain - The Switcback Treasure 8,Final Fantasy 12 Open World
94,sheen_ff12,IAAcademy,Eruditus Crystal,Eruyt Village - Lente's Tear Reward (1),Final Fantasy 12 Open World
94,Chronomon,IAAcademy,Strange Setback,Route 13 - Biker,Pokemon Red and Blue
94,Chronomon,IAAcademy,Artifex Gems,Route 14 - Bird Keeper 1,Pokemon Red and Blue
94,Tzuf-SMZ3,IAAcademy,Mysterious Mayhem,Palace of Darkness - Shooter Room,SMZ3
94,Tzuf-SMZ3,IAAcademy,Eruditus Crystal,Pyramid,SMZ3
94,Tzuf-SMZ3,IAAcademy,Eruditus Merit,Hype Cave - Middle Right,SMZ3
94,GarboV1,IAAcademy,Artifex Gems,6-2: Hit Gabriel into the ceiling,ULTRAKILL
94,SandraKH1,IAAcademy,Mysterious Mayhem,Olympus Coliseum Coliseum Gates Blizzara Chest,Kingdom Hearts
94,ffuzzlingo,IAAcademy,Mysterious Mayhem,The Colorful (Blue) - SUN,Lingo
95,Chronomon,IAAcademy,Divination Orb,Silph Co 7F - Rocket 1,Pokemon Red and Blue
95,FinalTimer,IAAcademy,Animus Gems,Lay of the Lang (FATE),Manual_FFXIV_Silasary
95,FinalTimer,IAAcademy,Mysterious Mayhem,Rock for Food (FATE),Manual_FFXIV_Silasary
95,FinalTimer,IAAcademy,Mysterious Mayhem,They Shall Not Want (FATE),Manual_FFXIV_Silasary
95,FinalTimer,IAAcademy,Animus Crystal,The Spiderweb Chronicles (FATE),Manual_FFXIV_Silasary
95,Jake13Snake_Here,IAAcademy,Eruditus Gems,The Glacier (E2M9) - Phoenix Rod,Heretic
95,Jake13Snake_Here,IAAcademy,Mysterious Mayhem,Courtyard (E5M4) - Ethereal Crossbow,Heretic
95,Jake13Snake_Here,IAAcademy,Eruditus Crystal,The Azure Fortress (E3M4) - Tome of Power 2,Heretic
95,Jake13Snake_Here,IAAcademy,Eruditus Merit,The Ophidian Lair (E3M5) - Mystic Urn 2,Heretic
95,Jake13Snake_Here,IAAcademy,Eruditus Gems,Foetid Manse (E5M7) - Tome of Power,Heretic
95,Jake13Snake_Here,IAAcademy,Eruditus Gems,The River of Fire (E2M3) - Tome of Power 2,Heretic
95,Jake13Snake_Here,IAAcademy,Eruditus Demerit,D'Sparil'S Keep (E3M8) - Phoenix Rod,Heretic
95,Jake13Snake_Here,IAAcademy,Pitchouli's Phoenix Feather,The Graveyard (E1M9) - Bag of Holding,Heretic
95,IncoSC2,IAAcademy,5 Artifex Crystals,Trouble In Paradise: South Base: Southwest Hatchery,Starcraft 2
95,DustyAwakening,IAAcademy,Artifex Merit,Goat (Animal Village),Links Awakening DX
96,RaviaXIV,IAAcademy,2 Ludus Crystals,Don't You Mean Kirata (FATE),Manual_FFXIV_Silasary
96,vick0ransje,IAAcademy,Divination Orb,Ruined Atoll - [South] Upper Floor On Power Line,TUNIC
96,SandraVentus,IAAcademy,Mysterious Mayhem,(V) Dwarf Woodlands Deep Woods Shimmering Crystal Chest,Kingdom Hearts Birth by Sleep
96,SandraVentus,IAAcademy,Mysterious Mayhem,(V) Dwarf Woodlands Deep Woods Potion Chest,Kingdom Hearts Birth by Sleep
96,SandraVentus,IAAcademy,Eruditus Gems,(V) Dwarf Woodlands Mountain Trail Ether Chest,Kingdom Hearts Birth by Sleep
97,RoobyRoo_HK,IAAcademy,Strange Setback,Geo_Rock-Deepnest_Below_Spike_Grub,Hollow Knight
97,FinalTimer,IAAcademy,Mysterious Mayhem,Old Bucket of Boruta (FATE),Manual_FFXIV_Silasary
97,FinalTimer,IAAcademy,Animus Gems,Trs Bian (FATE),Manual_FFXIV_Silasary
97,FinalTimer,IAAcademy,Mysterious Mayhem,Don't You Mean Kirata (FATE),Manual_FFXIV_Silasary
97,FinalTimer,IAAcademy,Animus Crystal,Fired (FATE),Manual_FFXIV_Silasary
97,FinalTimer,IAAcademy,Animus Gems,Get Sharp (FATE),Manual_FFXIV_Silasary
97,FinalTimer,IAAcademy,Mysterious Mayhem,Enemy Territory (FATE),Manual_FFXIV_Silasary
97,Chrono,IAAcademy,Strange Setback,Forest Maze 2,Chrono Trigger Jets of Time
97,SandraTerra,IAAcademy,Eruditus Gems,(T) The Keyblade Graveyard Twister Trench Windcutter Chest,Kingdom Hearts Birth by Sleep
97,PitchouliAHIT,IAAcademy,Divination Scroll,Tour - Page: The Finale - Near Entrance,A Hat in Time
97,FlintHearts,IAAcademy,Mysterious Mayhem,Traverse Town Piano Room Return 50 Puppies Reward 1,Kingdom Hearts
97,JessicaToThePast,IAAcademy,Animus Gems,Turtle Rock - Pokey 1 Key Drop,A Link to the Past
97,Khold-IAAA-Civ6,IAAcademy,Mysterious Mayhem,BOOST_CIVIC_CRAFTSMANSHIP,Civilization VI
98,jf-hollow,IAAcademy,Mysterious Mayhem,Soul_Eater,Hollow Knight
98,Mati,IAAcademy,Animus Gems,Waterfall Fairy - Right,A Link to the Past
99,CrystalEmerald,IAAcademy,Forbidden Rune,Route 119 - Hidden Item in South Tall Grass,Pokemon Emerald
99,CrystalEmerald,IAAcademy,Citrine,Route 108 - Hidden Item on Rock,Pokemon Emerald
99,CrystalEmerald,IAAcademy,Potion Ingredient,Route 119 - Item in South Tall Grass 1,Pokemon Emerald
99,CrystalEmerald,IAAcademy,Divination Orb,New Mauville - Item 1,Pokemon Emerald
99,CrystalEmerald,IAAcademy,Forbidden Rune,Route 120 - Item in Tall Grass South,Pokemon Emerald
99,CrystalEmerald,IAAcademy,Divination Orb,New Mauville - Item 2,Pokemon Emerald
99,CrystalEmerald,IAAcademy,Mysterious Mayhem,Weather Institute 2F - Team Aqua Grunt 1,Pokemon Emerald
99,CrystalEmerald,IAAcademy,Mysterious Mayhem,Weather Institute 2F - Aqua Admin Shelly,Pokemon Emerald
99,CrystalEmerald,IAAcademy,Strange Setback,Route 131 - Swimmer Kevin,Pokemon Emerald
99,CrystalEmerald,IAAcademy,Ludus Gems,Route 107 - Swimmer Beth,Pokemon Emerald
99,CrystalEmerald,IAAcademy,Ludus Merit,Route 119 - Bug Catcher Greg,Pokemon Emerald
99,CrystalEmerald,IAAcademy,Mysterious Mayhem,Route 105 - Ruin Maniac Andres,Pokemon Emerald
99,CrystalEmerald,IAAcademy,Mysterious Mayhem,Route 119 - Guitarist Fabian,Pokemon Emerald
99,CrystalEmerald,IAAcademy,Mysterious Mayhem,Route 118 - Good Rod from Fisherman,Pokemon Emerald
99,WitnesMagicSnake,IAAcademy,Forbidden Rune,Symmetry Island Upper Panel,The Witness
99,FinalTimer,IAAcademy,Mysterious Mayhem,Between Aurochs (FATE),Manual_FFXIV_Silasary
99,FinalTimer,IAAcademy,Conjuration Wand,Pharos Sirius,Manual_FFXIV_Silasary
99,FinalTimer,IAAcademy,Animus Crystal,Hells' Lid,Manual_FFXIV_Silasary
99,FinalTimer,IAAcademy,Mysterious Mayhem,Theft from Above (FATE),Manual_FFXIV_Silasary
99,SandraKH1,IAAcademy,Mysterious Mayhem,Level 023,Kingdom Hearts
99,SandraKH1,IAAcademy,Divination Orb,Level 029,Kingdom Hearts
99,GarBMX,IAAcademy,Artifex Crystal,Tagged 240 Graffiti Spots,Bomb Rush Cyberfunk
99,jf-hollow,IAAcademy,Mysterious Mayhem,Grub-King's_Station,Hollow Knight
100,CrystalPM,IAAcademy,Mysterious Mayhem,DDD N1W1 Yellow Block 2,Paper Mario
100,CrystalPM,IAAcademy,Ludus Gems,DDD S2E3 Oasis In Fruit Tree (Right),Paper Mario
100,DustyAwakening,IAAcademy,Potion Ingredient,Three Stalfos Chest (Catfish's Maw),Links Awakening DX
100,vick0ransje,IAAcademy,Eruditus Gems,Library Lab - Chest By Shrine 1,TUNIC
100,vick0ransje,IAAcademy,Eruditus Merit,Library Lab - Page 2,TUNIC
100,vick0ransje,IAAcademy,Potion Ingredient,Overworld - [Southwest] Grapple Chest Over Walkway,TUNIC
100,CaesiusPN,IAAcademy,2 Animus Crystals,(Rank) PSI Rank 40,Psychonauts
100,Chronomon,IAAcademy,Encyclopedic Tome,Rocket Hideout B4F - Giovanni Item,Pokemon Red and Blue
100,Chronomon,IAAcademy,Artifex Crystal,Rocket Hideout B1F - Rocket 5,Pokemon Red and Blue
100,Tzuf-SotN,IAAcademy,Mysterious Mayhem,Sword Card,Symphony of the Night
101,Tzuf-OoT,IAAcademy,Multitool No. 6,Ice Cavern Compass Chest,Ocarina of Time
101,RoobyRoo_HK,IAAcademy,Mysterious Mayhem,Geo_Rock-Beast's_Den_Below_Herrah,Hollow Knight
101,RoobyRoo_HK,IAAcademy,Artifex Merit,Geo_Rock-Beast's_Den_Bottom_Dupe,Hollow Knight
101,Mati,IAAcademy,Animus Gems,Dark World Lumberjack Shop Left,A Link to the Past
101,WitnesMagicSnake,IAAcademy,Divination Orb,Caves Right Upstairs Left Row 8,The Witness
101,FinalTimer,IAAcademy,Essential Oil,This Time It's Personal (FATE),Manual_FFXIV_Silasary
101,CrystalOoT,IAAcademy,Ludus Gems,Market Treasure Chest Game Reward,Ocarina of Time
102,Tzuf-SMZ3,IAAcademy,Eruditus Crystal,Missile (Crateria bottom),SMZ3
102,Trixie_VS,IAAcademy,Mysterious Mayhem,Laborratory Chest 2,Manual_VampireSurvivors_Jones
102,Trixie_VS,IAAcademy,Mysterious Mayhem,Laborratory Chest 4,Manual_VampireSurvivors_Jones
102,Trixie_VS,IAAcademy,Potion Ingredient,Laborratory Chest 5,Manual_VampireSurvivors_Jones
102,ReineyOW,IAAcademy,5 Eruditus Crystals,QM: Explore the Sixth Location,Outer Wilds
102,XawneKH2,IAAcademy,Artifex Gems,(TWTNW2) Nothing's Call Mythril Gem,Kingdom Hearts 2
102,XawneKH2,IAAcademy,Divination Orb,(TWTNW3) Xemnas 1 Bonus: Sora Slot 2,Kingdom Hearts 2
102,vick0ransje,IAAcademy,Eruditus Merit,Rooted Ziggurat Lower - Guarded By Double Turrets 2,TUNIC
102,MauveStudy,IAAcademy,Divination Orb,Vulture Attack Script,Manual_Study_Mauve
102,MauveStudy,IAAcademy,Mysterious Mayhem,Corpse Creeper Attack Script,Manual_Study_Mauve
104,ffuzzlingo,IAAcademy,Ludus Crystal,Horizon's Edge - MASTERY,Lingo
104,ffuzzlingo,IAAcademy,Potion Ingredient,Hedge Maze - MASTERY (1),Lingo
104,Benny's Puzzles,IAAcademy,Eruditus Gems,Crossroads - THE EYES,Lingo
105,Tzuf-SMZ3,IAAcademy,Eruditus Merit,Sahasrahla,SMZ3
106,DustyAwakening,IAAcademy,Artifex Merit,Dodongo Chest (Turtle Rock),Links Awakening DX
106,MatiHK,IAAcademy,Strange Setback,Grimmkin_Flame-Crystal_Peak,Hollow Knight
106,DustyofTime,IAAcademy,Strange Setback,Market Bombchu Bowling First Prize,Ocarina of Time
107,RoobyRoo_HK,IAAcademy,Divination Orb,Soul_Totem-Pale_Lurker,Hollow Knight
108,DustyofTime,IAAcademy,Artifex Merit,Kak 50 Gold Skulltula Reward,Ocarina of Time
108,ffuzzlingo,IAAcademy,Ludus Merit,The Red - CHEMISTRY,Lingo
108,ffuzzlingo,IAAcademy,Ludus Gems,The Red - FLUSTERED,Lingo
108,ffuzzlingo,IAAcademy,Mysterious Mayhem,The Scientific - TREE (2),Lingo
108,ffuzzlingo,IAAcademy,Ludus Gems,The Scientific - MAMMAL,Lingo
108,ffuzzlingo,IAAcademy,Pharseeing Stone,Knight Night (Outer Ring) - ADJUST (2),Lingo
109,DustyofTime,IAAcademy,Ruby,LH Adult Fishing,Ocarina of Time
110,ffuzzlingo,IAAcademy,Ludus Crystal,The Agreeable - TUBE,Lingo
112,CrystalEmerald,IAAcademy,Ludus Crystal,Route 116 - Rich Boy Dawson,Pokemon Emerald
112,rhythm.SADX,IAAcademy,Mysterious Mayhem,Twinkle Circuit (Sub-Level - Mission A),Sonic Adventure DX
112,rhythm.SADX,IAAcademy,Mysterious Mayhem,Twinkle Park (Big - Mission C),Sonic Adventure DX
112,RaviaXIV,IAAcademy,Conjuration Wand,Pulling Poison Posies,Manual_FFXIV_Silasary
112,JophesArcaneDLCQ,IAAcademy,Mysterious Mayhem,Double Jump Floating Sheep,DLCQuest
112,humbug,IAAcademy,Potable Paraphernalia,Sealed Caves (Xarion): Below mini jackpot room,Timespinner
113,KnightsEdge7CC,IAAcademy,5 Animus Crystals,Ridge: Sapphire Tunnel,CrossCode
113,FinalTimer,IAAcademy,Strange Setback,The Twinning,Manual_FFXIV_Silasary
113,rhythm.SADX,IAAcademy,Mysterious Mayhem,Red Mountain (Sonic - Life Capsule 6),Sonic Adventure DX
113,DustyofTime,IAAcademy,Artifex Gems,Spirit Temple First Mirror Right Chest,Ocarina of Time
113,DustyofTime,IAAcademy,Artifex Demerit,Spirit Temple Sun Block Room Chest,Ocarina of Time
113,Trixie_VS,IAAcademy,5 Eruditus Crystals,Survive with Peppino,Manual_VampireSurvivors_Jones
114,Flint Land 2,IAAcademy,Mysterious Mayhem,Pumpkin Zone Secret Course 1 - 386 Coins,Super Mario Land 2
114,Flint Land 2,IAAcademy,Artifex Demerit,Pumpkin Zone Secret Course 1 - 174 Coins,Super Mario Land 2
114,Flint Land 2,IAAcademy,Mysterious Mayhem,Pumpkin Zone Secret Course 1 - 327 Coins,Super Mario Land 2
114,Flint Land 2,IAAcademy,Break The Rules,Pumpkin Zone Secret Course 1 - 78 Coins,Super Mario Land 2
114,Flint Land 2,IAAcademy,Mysterious Mayhem,Pumpkin Zone Secret Course 1 - 88 Coins,Super Mario Land 2
114,Flint Land 2,IAAcademy,House Contractor,Pumpkin Zone Secret Course 1 - 351 Coins,Super Mario Land 2
115,SandraVentus,IAAcademy,Mysterious Mayhem,(V) Deep Space World Cleared Spaceship Board,Kingdom Hearts Birth by Sleep
115,SandraVentus,IAAcademy,Eruditus Demerit,(V) Deep Space World Cleared Experiment 626 D-Link,Kingdom Hearts Birth by Sleep
115,Tzuf-SotN,IAAcademy,Eruditus Gems,Enemysanity: 48 - Frog,Symphony of the Night
115,Tzuf-SotN,IAAcademy,Eruditus Merit,Enemysanity: 76 - Bone ark,Symphony of the Night
115,Tzuf-SotN,IAAcademy,House Contractor,NO4 - Meal ticket 2(Succubus),Symphony of the Night
115,Tzuf-SotN,IAAcademy,Eruditus Merit,NO4 - Secret boots,Symphony of the Night
115,Tzuf-SotN,IAAcademy,Essential Oil,NO4 - Shiitake(Waterfall),Symphony of the Night
115,Tzuf-SotN,IAAcademy,Eruditus Gems,CAT - Library card(Spike breaker),Symphony of the Night
115,JessicaM&L,IAAcademy,Animus Merit,Beanbean Castle Town Beanstone 10,Mario & Luigi Superstar Saga
115,JessicaM&L,IAAcademy,Animus Merit,Beanbean Outskirts NE Digspot 2,Mario & Luigi Superstar Saga
115,JessicaM&L,IAAcademy,Animus Merit,Chucklehuck Woods Wiggler room Digspot 2,Mario & Luigi Superstar Saga
115,JessicaM&L,IAAcademy,Animus Merit,Hoohoo Mountain Room 2 Digspot 1,Mario & Luigi Superstar Saga
115,JessicaM&L,IAAcademy,Animus Crystal,Teehee Valley Room 2 Digspot 3,Mario & Luigi Superstar Saga
115,JessicaM&L,IAAcademy,Animus Gems,Chateau Barrel Room Digspot,Mario & Luigi Superstar Saga
115,Jake13Snake_Here,IAAcademy,Eruditus Merit,Hell's Maw (E1M8) - Bag of Holding,Heretic
115,Jake13Snake_Here,IAAcademy,Eruditus Gems,Hell's Maw (E1M8) - Ring of Invincibility 3,Heretic
115,SandraKH1,IAAcademy,Mysterious Mayhem,Atlantica Below Deck Clam,Kingdom Hearts
115,CrystalOoT,IAAcademy,Potion Ingredient,Bottom of the Well Back Left Bombable Chest,Ocarina of Time
115,KnightsEdge7CC,IAAcademy,Animus Merit,Garden: River's Bed Right,CrossCode
116,RaviaXIV,IAAcademy,Mysterious Mayhem,Croc-y Road (FATE),Manual_FFXIV_Silasary
116,RaviaXIV,IAAcademy,Mysterious Mayhem,The Eyes Have It (FATE),Manual_FFXIV_Silasary
116,MauveStudy,IAAcademy,Ludus Merit,Level 110 Chest,Manual_Study_Mauve
116,DustyAwakening,IAAcademy,Forbidden Rune,Mask-Mimic Key (Bottle Grotto),Links Awakening DX
116,GarboV1,IAAcademy,Artifex Gems,Shop: Buy Railcannon Variant 2,ULTRAKILL
116,GarboV1,IAAcademy,Break The Rules,1-4: Switch,ULTRAKILL
116,FinalTimer,IAAcademy,Animus Merit,Euphrosyne,Manual_FFXIV_Silasary
116,FinalTimer,IAAcademy,Mysterious Mayhem,Pearls Apart (FATE),Manual_FFXIV_Silasary
116,MiroAhit,IAAcademy,Mysterious Mayhem,Dead Bird Studio (Rift) - Page: Above Horse Picture,A Hat in Time
116,TerranMagicSnake,IAAcademy,Pitchouli's Phoenix Feather,Engine of Destruction: Lab Devourer,Starcraft 2
116,FlintHearts,IAAcademy,Artifex Merit,100 Acre Wood Bouncing Spot Turn in Rare Nut 5,Kingdom Hearts
116,FKYacht,IAAcademy,Mysterious Mayhem,404 score,Yacht Dice
116,IncoEm,IAAcademy,Artifex Merit,Oceanic Museum - Team Aqua Grunt 1,Pokemon Emerald
116,CrystalPM,IAAcademy,Divination Orb,FOR Flowers Appear (FP Plus) Central Block,Paper Mario
117,ffuzzlingo,IAAcademy,House Contractor,The Discerning - TSAR,Lingo
117,ffuzzlingo,IAAcademy,Mysterious Mayhem,Art Gallery - EON,Lingo
117,ffuzzlingo,IAAcademy,Fishing Bait,Room Room - BROOMED,Lingo
117,ffuzzlingo,IAAcademy,Ludus Gems,Room Room - BASE,Lingo
117,ffuzzlingo,IAAcademy,Ludus Merit,The Ecstatic - STYLE,Lingo
117,ffuzzlingo,IAAcademy,Mysterious Mayhem,The Scientific - ME NEXT PIER,Lingo
117,ffuzzlingo,IAAcademy,Forbidden Rune,Outside The Undeterred - RAINY,Lingo
117,ffuzzlingo,IAAcademy,Mysterious Mayhem,The Bearer (South) - TENT,Lingo
117,ffuzzlingo,IAAcademy,Mysterious Mayhem,Bearer Side Area - POTS,Lingo
117,DustyPast,IAAcademy,Strange Setback,Thieves' Town - Blind's Cell,A Link to the Past
117,Jake13Snake_Here,IAAcademy,2 Eruditus Crystals,Ramparts of Perdition (E4M7) - Silver Shield,Heretic
117,Jake13Snake_Here,IAAcademy,5 Eruditus Crystals,Quay (E5M3) - Bag of Holding 2,Heretic
118,SandraKH1,IAAcademy,Strange Setback,Neverland Defeat Captain Hook Ars Arcanum Event,Kingdom Hearts
118,SandraKH1,IAAcademy,Eruditus Merit,Level 039,Kingdom Hearts
118,SandraKH1,IAAcademy,Mysterious Mayhem,Neverland Cabin Chest,Kingdom Hearts
119,rhythm.SADX,IAAcademy,Potion Ingredient,Emerald Coast (Sonic - Life Capsule 1),Sonic Adventure DX
119,rhythm.SADX,IAAcademy,Divination Orb,Lost World (Sonic - Mission C),Sonic Adventure DX
119,rhythm.SADX,IAAcademy,Ludus Demerit,Lost World (Sonic - Life Capsule 2),Sonic Adventure DX
119,SandraKH1,IAAcademy,Potion Ingredient,Hollow Bastion Defeat Riku II Ragnarok Event,Kingdom Hearts
119,SandraKH1,IAAcademy,Eruditus Gems,Hollow Bastion Defeat Behemoth Omega Arts Event,Kingdom Hearts
119,SandraKH1,IAAcademy,Mysterious Mayhem,Hollow Bastion Speak with Aerith Ansem's Report 4,Kingdom Hearts
119,FinalTimer,IAAcademy,Mysterious Mayhem,Why Did It Have to Be Medusae? (FATE),Manual_FFXIV_Silasary
119,PitchouliArk,IAAcademy,Mysterious Mayhem,Sanctuary - Item 13,Manual_ChronoArk_Pitchouli
119,PitchouliArk,IAAcademy,Conjuration Wand,Sanctuary - Item 15,Manual_ChronoArk_Pitchouli
120,FlintHearts,IAAcademy,Mysterious Mayhem,Deep Jungle Tent Chest,Kingdom Hearts
120,FlintHearts,IAAcademy,Artifex Gems,Deep Jungle Hippo's Lagoon Left Chest,Kingdom Hearts
120,FlintHearts,IAAcademy,Divination Orb,Deep Jungle Vines 2 Chest,Kingdom Hearts
120,BeanTimer,IAAcademy,Mysterious Mayhem,Teehee Valley Solo Luigi Maze Room 1 Block,Mario & Luigi Superstar Saga
121,Jake13Snake_Here,IAAcademy,Dusty Lantern,The Great Hall (E2M7) - Enchanted Shield,Heretic
121,Xawne-Osu,IAAcademy,Fishing Bait,Song 123 (Item 2),osu!
122,MatiHK,IAAcademy,Animus Merit,Geo_Rock-Kingdom's_Edge_Above_420_Geo_Rock,Hollow Knight
122,Tzuf-OoT,IAAcademy,Divination Orb,Spirit Temple Beamos Hall Pot,Ocarina of Time
123,WitnesMagicSnake,IAAcademy,Eruditus Crystal,Symmetry Island Lower Panel,The Witness
125,DanB_TS,IAAcademy,Eruditus Gems,Lake Desolation (Upper): Double jump cave floor,Timespinner
125,Tzuf-SMZ3,IAAcademy,Fishing Bait,Swamp Palace - Waterfall Room,SMZ3
125,MatiHK,IAAcademy,Forbidden Rune,Collector's_Map,Hollow Knight
127,FKLingo,IAAcademy,Mysterious Mayhem,The Fearless (Second Floor) - NONE,Lingo
127,FKLingo,IAAcademy,Mysterious Mayhem,The Fearless (Second Floor) - MIGHT,Lingo
127,FKLingo,IAAcademy,Artifex Merit,The Wise - OAK,Lingo
127,FKLingo,IAAcademy,Mysterious Mayhem,The Steady (Ruby) - BURY,Lingo
127,FKLingo,IAAcademy,Mysterious Mayhem,The Artistic (Apple) - RELEASES,Lingo
127,FKLingo,IAAcademy,Mysterious Mayhem,The Artistic (Apple) - THING,Lingo
127,Khold-IAAA-LTTP,IAAcademy,Ludus Demerit,Thieves' Town - Ambush Chest,A Link to the Past
127,Khold-IAAA-LTTP,IAAcademy,Ludus Merit,Village of Outcasts Shop Right,A Link to the Past
127,rhythm.SADX,IAAcademy,Mysterious Mayhem,Casinopolis (Tails - Mission C),Sonic Adventure DX
127,FlintHearts,IAAcademy,Artifex Gems,Level 046,Kingdom Hearts
127,FinalTimer,IAAcademy,Strange Setback,Hearts Like Steel Fists Like Thunder (FATE),Manual_FFXIV_Silasary
127,SandraVentus,IAAcademy,Mysterious Mayhem,(V) The Keyblade Graveyard Twister Trench Megalixir Chest,Kingdom Hearts Birth by Sleep
127,SandraVentus,IAAcademy,5 Eruditus Crystals,(V) The Keyblade Graveyard Defeat Vanitas 1 High Jump,Kingdom Hearts Birth by Sleep
127,SandraAqua,IAAcademy,Mysterious Mayhem,(A) Disney Town Raceway Fira Chest,Kingdom Hearts Birth by Sleep
127,DavidAHIT,IAAcademy,Mysterious Mayhem,Act Completion (Pink Paw Station),A Hat in Time
127,Trixie_SMZ3,IAAcademy,Strange Setback,Super Missile (yellow Maridia),SMZ3
127,Trixie_SMZ3,IAAcademy,Eruditus Gems,Power Bomb (lower Norfair above fire flea room),SMZ3
127,rhythm.Ventus,IAAcademy,Mysterious Mayhem,(V) Enchanted Dominion Hall Hi-Potion Chest,Kingdom Hearts Birth by Sleep
127,BeanTimer,IAAcademy,Animus Gems,Chucklehuck Woods Cave Room 2 Block,Mario & Luigi Superstar Saga
127,BeanTimer,IAAcademy,Animus Demerit,Chateau Popple Fight Room Block 1,Mario & Luigi Superstar Saga
127,BeanTimer,IAAcademy,Animus Crystal,Chucklehuck Woods Room 7 Block 2,Mario & Luigi Superstar Saga
127,JophesArcanePRB,IAAcademy,Potable Paraphernalia,Cinnabar Lab R&D Room - Lab Scientist,Pokemon Red and Blue
127,CrystalEmerald,IAAcademy,Conjuration Wand,Route 110 - Triathlete Abigail,Pokemon Emerald
127,ReineyOW,IAAcademy,Conjuration Wand,TH: Scan Radio Tower Signal,Outer Wilds
127,MauveKnight,IAAcademy,Potion Ingredient,Vessel_Fragment-Greenpath,Hollow Knight
127,DavidTerraria,IAAcademy,Animus Merit,Cragmaw Mire,Terraria
128,FinalTimer,IAAcademy,2 Animus Crystals,Saint Mocianne's Arboretum (Hard),Manual_FFXIV_Silasary
128,FinalTimer,IAAcademy,Mysterious Mayhem,Matoya's Relict,Manual_FFXIV_Silasary
128,FinalTimer,IAAcademy,Mysterious Mayhem,Stamp the Yard (FATE),Manual_FFXIV_Silasary
128,FinalTimer,IAAcademy,Strange Setback,Supper Time (FATE),Manual_FFXIV_Silasary
128,FinalTimer,IAAcademy,Mysterious Mayhem,The Nuts (FATE),Manual_FFXIV_Silasary
128,FinalTimer,IAAcademy,Mysterious Mayhem,Waugyl Waugyl Waugyl (FATE),Manual_FFXIV_Silasary
128,FinalTimer,IAAcademy,Animus Merit,Darkscale Disappeareth (FATE),Manual_FFXIV_Silasary
128,DustyAwakening,IAAcademy,Artifex Crystal,Nightmare Door Key (Key Cavern),Links Awakening DX
128,DanB_TS,IAAcademy,Magical Metals,Military Fortress: Pedestal,Timespinner
128,DanB_TS,IAAcademy,Mysterious Mayhem,Lab: Lower trash right,Timespinner
128,DanB_TS,IAAcademy,5 Eruditus Crystals,Emperor's Tower: Galactic sage room,Timespinner
128,IncoFac,IAAcademy,Chronokeeper's Hourglass,AP-3-930,Factorio
128,IncoFac,IAAcademy,Strange Setback,AP-3-418,Factorio
128,DustyPast,IAAcademy,Artifex Merit,Ganons Tower - Big Key Room - Left,A Link to the Past
128,DustyPast,IAAcademy,Divination Orb,Ganons Tower - Bob's Chest,A Link to the Past
128,FlintHearts,IAAcademy,Artifex Gems,Halloween Town Moonlight Hill White Trinity Chest,Kingdom Hearts
128,Benny's Quest,IAAcademy,Mysterious Mayhem,Live Freemium or Die: 440 Coin,DLCQuest
128,Benny's Quest,IAAcademy,Mysterious Mayhem,Live Freemium or Die: 420 Coin,DLCQuest
128,RoobyRoo_HK,IAAcademy,Artifex Merit,Deep_Focus,Hollow Knight
129,BeanTimer,IAAcademy,Animus Merit,Beanbean Castle Town Beanlet Reward,Mario & Luigi Superstar Saga
129,Trixie_CVI,IAAcademy,Mysterious Mayhem,TECH_AP_CLASSICAL_17,Civilization VI
129,Trixie_CVI,IAAcademy,Strange Setback,CIVIC_AP_CLASSICAL_09,Civilization VI
129,Benny's Quest,IAAcademy,Celsius Sand,High Definition Next Gen Pack,DLCQuest
130,vick0ransje,IAAcademy,Eruditus Gems,Guardhouse 2 - Bottom Floor Secret,TUNIC
130,CrystalEmerald,IAAcademy,Forbidden Rune,Sootopolis Gym - Lady Daphne,Pokemon Emerald
130,Trixie_SC2,IAAcademy,Strange Setback,Old Soldiers: South Expansion,Starcraft 2
130,Benny's Quest,IAAcademy,Conjuration Wand,Live Freemium or Die: 600 Coin,DLCQuest
130,Benny's Quest,IAAcademy,Mysterious Mayhem,Live Freemium or Die: 580 Coin,DLCQuest
130,DavidSC2,IAAcademy,Animus Crystal,Sudden Strike: Brutalisk,Starcraft 2
130,Khold-IAAA-LTTP,IAAcademy,Ludus Crystal,Palace of Darkness - Map Chest,A Link to the Past
131,CrystalEmerald,IAAcademy,Mysterious Mayhem,Trick House Puzzle 7 - Reward,Pokemon Emerald
132,Trixie_SC2,IAAcademy,Mysterious Mayhem,Conviction: Power Coupling,Starcraft 2
132,vick0ransje,IAAcademy,The Rod of Dragons,Fortress Arena - Siege Engine/Vault Key Pickup,TUNIC
135,CaesiusPN,IAAcademy,Animus Crystal,(LO Main) Skyscraper Start,Psychonauts
135,CaesiusPN,IAAcademy,Animus Crystal,(LO Main) Ground after Bridge,Psychonauts
135,Trixie_SC2,IAAcademy,Eruditus Merit,Death From Above: Expansion Command Center,Starcraft 2
137,Trixie_SC2,IAAcademy,Eruditus Gems,Into the Void: Southwest Forward Position,Starcraft 2
139,FinalTimer,IAAcademy,Animus Gems,A Bit of a Problem (FATE),Manual_FFXIV_Silasary
139,FinalTimer,IAAcademy,Animus Crystal,One Giant Weep (FATE),Manual_FFXIV_Silasary
141,PitchouliAHIT,IAAcademy,Mysterious Mayhem,Alpine Skyline - The Birdhouse: Alpine Crow Mini-Gauntlet,A Hat in Time
141,PitchouliAHIT,IAAcademy,Divination Orb,Act Completion (Time Rift - Bazaar),A Hat in Time
141,PitchouliAHIT,IAAcademy,Animus Merit,Alpine Skyline - The Lava Cake: Dweller Pillars,A Hat in Time
141,PitchouliAHIT,IAAcademy,Animus Gems,Alpine Skyline - Ember Summit,A Hat in Time
142,XawneKH2,IAAcademy,Artifex Gems,(BC) Dungeon Basement Map,Kingdom Hearts 2
142,PitchouliAHIT,IAAcademy,Animus Merit,Act Completion (Time Rift - Curly Tail Trail),A Hat in Time
143,ffuzzem,IAAcademy,Ludus Gems,Granite Cave B1F - Item in Alcove,Pokemon Emerald
145,PitchouliAHIT,IAAcademy,Animus Demerit,Zero Jumps - Main Objective,A Hat in Time
145,PitchouliAHIT,IAAcademy,Animus Demerit,Vault Codes in the Wind - Main Objective,A Hat in Time
147,humbug,IAAcademy,Forbidden Rune,Forest: Refugee camp roof,Timespinner
147,humbug,IAAcademy,Ludus Gems,Castle Ramparts: Freeze the engineer,Timespinner
147,humbug,IAAcademy,Ludus Gems,Castle Keep: Under the twins,Timespinner
147,humbug,IAAcademy,2 Ludus Crystals,Royal Towers: Floor secret,Timespinner
147,humbug,IAAcademy,Ludus Crystal,Castle Keep: Advisor jump,Timespinner
147,humbug,IAAcademy,Ludus Demerit,Forest: Journal - Rats (Lachiem Expedition),Timespinner
147,humbug,IAAcademy,Ludus Merit,Castle Basement: Journal - Castle Loop Giantess (Political Advice),Timespinner
148,Trixie_SMZ3,IAAcademy,Eruditus Merit,Tower of Hera - Big Chest,SMZ3
148,humbug,IAAcademy,Ludus Gems,Military Fortress: Giantess bridge,Timespinner
148,humbug,IAAcademy,Ludus Merit,Lab: Lab secret,Timespinner
149,FKLingo,IAAcademy,Mysterious Mayhem,The Bold - NIGHTMARE,Lingo
149,FKLingo,IAAcademy,Mysterious Mayhem,The Bold - SIGN,Lingo
149,GarboV1,IAAcademy,Divination Scroll,0-4: Slide uninterrupted for 17 seconds,ULTRAKILL
149,IncoEm,IAAcademy,Artifex Gems,Route 115 - Ninja Boy Jaiden,Pokemon Emerald
149,IncoEm,IAAcademy,Mysterious Mayhem,Route 123 - Psychic Jacki,Pokemon Emerald
149,IncoEm,IAAcademy,Mysterious Mayhem,Route 119 - Item East of Mud Slope,Pokemon Emerald
149,IncoEm,IAAcademy,Strange Setback,Route 118 - Hidden Item East on Rock,Pokemon Emerald
149,IncoEm,IAAcademy,Artifex Crystal,Safari Zone NW - Item Behind Pond,Pokemon Emerald
149,IncoEm,IAAcademy,2 Artifex Crystals,Route 109 - Hidden Item in Front of Couple,Pokemon Emerald
149,IncoEm,IAAcademy,Artifex Merit,Route 123 - Berry Tree Berry Master 6,Pokemon Emerald
149,IncoEm,IAAcademy,Mysterious Mayhem,Route 123 - Berry Tree East 5,Pokemon Emerald
149,IncoEm,IAAcademy,Artifex Merit,Route 115 - Berry Tree North 2,Pokemon Emerald
149,IncoEm,IAAcademy,Divination Orb,Route 109 - Young Couple Mel and Paul,Pokemon Emerald
149,IncoEm,IAAcademy,Divination Orb,Route 123 - Guitarist Fernando,Pokemon Emerald
149,JophesArcaneFF,IAAcademy,Ludus Merit,Sea Shrine TFC Floor (B2) - TFC,Final Fantasy
149,JophesArcaneFF,IAAcademy,Ludus Crystal,Sea Shrine Mermaids (B1) - Bubbles 2,Final Fantasy
149,SandraKH1,IAAcademy,Mysterious Mayhem,Level 056,Kingdom Hearts
149,SandraKH1,IAAcademy,Eruditus Demerit,Level 066,Kingdom Hearts
149,SandraKH1,IAAcademy,Mysterious Mayhem,Level 081,Kingdom Hearts
149,SandraKH1,IAAcademy,Mysterious Mayhem,Level 084,Kingdom Hearts
150,IncoEm,IAAcademy,Artifex Gems,Route 120 - Cooltrainer Leonel,Pokemon Emerald
150,IncoEm,IAAcademy,Strange Setback,Meteor Falls 1F - Item Below Waterfall,Pokemon Emerald
150,IncoEm,IAAcademy,Mysterious Mayhem,Scorched Slab - Item,Pokemon Emerald
150,IncoEm,IAAcademy,Artifex Merit,Route 119 - Item on River Bank,Pokemon Emerald
150,IncoEm,IAAcademy,Artifex Demerit,Route 121 - Berry Tree West 3,Pokemon Emerald
150,IncoEm,IAAcademy,Artifex Merit,Lavaridge Gym - Kindler Keegan,Pokemon Emerald
150,IncoEm,IAAcademy,Artifex Merit,Magma Hideout 2F - Team Magma Grunt 1,Pokemon Emerald
150,FinalTimer,IAAcademy,Strange Setback,License to Quill (FATE),Manual_FFXIV_Silasary
150,FinalTimer,IAAcademy,Mysterious Mayhem,Bazaar Blood Triangle (FATE),Manual_FFXIV_Silasary
150,FinalTimer,IAAcademy,Mysterious Mayhem,I'm a Rock Not a Number (FATE),Manual_FFXIV_Silasary
150,FinalTimer,IAAcademy,Mysterious Mayhem,The Big Bagoly Theory (FATE),Manual_FFXIV_Silasary
150,Chronomon,IAAcademy,Artifex Crystal,Rock Tunnel B1F - PokeManiac 3,Pokemon Red and Blue
150,Chronomon,IAAcademy,Artifex Gems,Route 9 - Jr. Trainer F 1,Pokemon Red and Blue
150,Chronomon,IAAcademy,Artifex Demerit,Route 9 - Hiker 2,Pokemon Red and Blue
150,ffuzzlingo,IAAcademy,Mysterious Mayhem,Outside The Wanderer - WANDERLUST,Lingo
150,ffuzzlingo,IAAcademy,Mysterious Mayhem,The Wanderer - LEARN,Lingo
150,Khold-IAAA-Civ6,IAAcademy,Break The Rules,BOOST_CIVIC_MILITARY_TRAINING,Civilization VI
150,Khold-IAAA-Civ6,IAAcademy,Mysterious Mayhem,BOOST_CIVIC_DEFENSIVE_TACTICS,Civilization VI
150,Khold-IAAA-LTTP,IAAcademy,Mysterious Mayhem,Eastern Palace - Big Chest,A Link to the Past
150,No6 Light,IAAcademy,Forbidden Rune,Ice Palace - Boss,A Link to the Past
151,FKLingo,IAAcademy,Mysterious Mayhem,Pilgrim Room - PLUNDER ISLAND,Lingo
151,FKLingo,IAAcademy,Conjuration Wand,Horizon's Edge - MASTERY,Lingo
151,FKLingo,IAAcademy,Potion Ingredient,Courtyard - I,Lingo
151,FKLingo,IAAcademy,Artifex Merit,Outside The Initiated - PAST (2),Lingo
151,FKLingo,IAAcademy,2 Artifex Crystals,Outside The Initiated - PRESENT,Lingo
151,FKLingo,IAAcademy,5 Artifex Crystals,Outside The Bold - WET,Lingo
151,FKLingo,IAAcademy,2 Artifex Crystals,Color Hunt - HUES,Lingo
151,FKLingo,IAAcademy,Artifex Crystal,The Bearer (North) - WARTS,Lingo
151,FKLingo,IAAcademy,Artifex Demerit,The Bearer (South) - TENT,Lingo
151,FKLingo,IAAcademy,Artifex Gems,Knight Night (Outer Ring) - ENCRUSTED,Lingo
151,FKLingo,IAAcademy,Mysterious Mayhem,Knight Night (Right Lower Segment) - LEFT,Lingo
151,FKLingo,IAAcademy,Divination Orb,Knight Night Exit - SEVEN (1),Lingo
151,FKLingo,IAAcademy,Mysterious Mayhem,Elements Area - UNDISTRACTED,Lingo
151,FKLingo,IAAcademy,Devil's Shell,Art Gallery (Fourth Floor) - RUNTS,Lingo
151,FKLingo,IAAcademy,Mysterious Mayhem,Art Gallery (Fourth Floor) - SEND - USE,Lingo
151,FKLingo,IAAcademy,Artifex Crystal,Rhyme Room (Smiley) - SKELETON,Lingo
151,FKLingo,IAAcademy,Pharseeing Stone,Rhyme Room (Looped Square) - SKIES,Lingo
151,FKLingo,IAAcademy,Artifex Gems,Rhyme Room (Looped Square) - TROUBLE,Lingo
151,FKLingo,IAAcademy,Magical Metals,Room Room - MASTERY,Lingo
151,FKLingo,IAAcademy,Mysterious Mayhem,Orange Tower Fifth Floor - PAINTING (2),Lingo
151,FKLingo,IAAcademy,Fishing Bait,The Ecstatic - VINES,Lingo
151,FKLingo,IAAcademy,Divination Orb,The Scientific - HYDROGEN (2),Lingo
151,FKLingo,IAAcademy,Mysterious Mayhem,The Scientific - TREE (2),Lingo
151,FKLingo,IAAcademy,Artifex Crystal,The Scientific - PROPEL,Lingo
151,FKLingo,IAAcademy,2 Artifex Crystals,Challenge Room - OPEN,Lingo
151,Xawne-Osu,IAAcademy,Artifex Gems,Song 69 (Item 2),osu!
151,DustyofTime,IAAcademy,Artifex Gems,Gerudo Training Ground Near Scarecrow Chest,Ocarina of Time
151,Khold-IAAA-LTTP,IAAcademy,Essential Oil,Eastern Palace - Dark Square Pot Key,A Link to the Past
151,Khold-IAAA-LTTP,IAAcademy,Ludus Gems,Ganons Tower - Big Key Chest,A Link to the Past
151,Khold-IAAA-LTTP,IAAcademy,Ludus Demerit,Ganons Tower - Big Key Room - Right,A Link to the Past
151,Khold-IAAA-LTTP,IAAcademy,Essential Oil,Old Man,A Link to the Past
151,Chronomon,IAAcademy,Mysterious Mayhem,Route 17 - Cue Ball 5,Pokemon Red and Blue
151,FlintHearts,IAAcademy,Fishing Bait,Hollow Bastion Defeat Unknown EXP Necklace Event,Kingdom Hearts
151,FinalTimer,IAAcademy,Strange Setback,Sigmascape V3.0,Manual_FFXIV_Silasary
152,FinalTimer,IAAcademy,House Contractor,Once Upon a Time (FATE),Manual_FFXIV_Silasary
152,FinalTimer,IAAcademy,Mysterious Mayhem,Attack the Block (FATE),Manual_FFXIV_Silasary
152,FinalTimer,IAAcademy,Animus Gems,Tojil Annihilation (FATE),Manual_FFXIV_Silasary
152,MatiHK,IAAcademy,Strange Setback,King's_Idol-Dung_Defender,Hollow Knight
152,JophesArcaneFF,IAAcademy,Strange Setback,Castle of Ordeals Top Floor (3F) - Three-Pack 3,Final Fantasy
152,JophesArcaneFF,IAAcademy,Mysterious Mayhem,Gurgu Volcano Armory Floor (B2) - Armory 11,Final Fantasy
152,JophesArcaneFF,IAAcademy,Mysterious Mayhem,Ice Cave Bottom (B3) - IceD Room 1,Final Fantasy
152,JophesArcaneFF,IAAcademy,Forbidden Rune,Castle of Ordeals Top Floor (3F) - Four-Pack 1,Final Fantasy
152,WitnesMagicSnake,IAAcademy,Catastrophe,Town Rooftop Discard,The Witness
152,Tzuf-OoT,IAAcademy,Eruditus Merit,Gerudo Training Ground Maze Right Central Chest,Ocarina of Time
152,PitchouliAHIT,IAAcademy,Mysterious Mayhem,Subcon Forest - Dweller Shack,A Hat in Time
152,No6 Light,IAAcademy,Animus Demerit,Eastern Palace - Big Chest,A Link to the Past
152,BeanTimer,IAAcademy,Conjuration Wand,Yoshi Theater Azure Yoshi,Mario & Luigi Superstar Saga
152,TerranMagicSnake,IAAcademy,Eruditus Merit,Enemy Intelligence: Victory,Starcraft 2
152,DustyofTime,IAAcademy,Divination Orb,Dodongos Cavern Deku Scrub Lobby,Ocarina of Time
153,IncoEm,IAAcademy,Mysterious Mayhem,Victory Road 1F - Item on Southeast Ledge,Pokemon Emerald
153,IncoEm,IAAcademy,Artifex Merit,Mossdeep Gym - Hex Maniac Kathleen,Pokemon Emerald
153,IncoEm,IAAcademy,Artifex Gems,Route 125 - Swimmer Nolen,Pokemon Emerald
153,IncoEm,IAAcademy,Artifex Gems,Route 127 - Black Belt Koji,Pokemon Emerald
153,Chronomon,IAAcademy,Artifex Gems,Pokedex - Kadabra,Pokemon Red and Blue
153,Chronomon,IAAcademy,Artifex Merit,Pokedex - Graveler,Pokemon Red and Blue
153,Chronomon,IAAcademy,Artifex Merit,Pokedex - Gastly,Pokemon Red and Blue
153,Chronomon,IAAcademy,Artifex Merit,Pokedex - Krabby,Pokemon Red and Blue
153,Chronomon,IAAcademy,Artifex Gems,Pokedex - Marowak,Pokemon Red and Blue
153,Chronomon,IAAcademy,Artifex Gems,Pokedex - Magikarp,Pokemon Red and Blue
153,Alex230-Doom1993,IAAcademy,Ffuzzy Mittens,Deimos Lab (E2M4) - Armor 3,DOOM 1993
153,Khold-IAAA-LTTP,IAAcademy,Ludus Gems,Hyrule Castle - Boomerang Guard Key Drop,A Link to the Past
153,Jake13Snake_Here,IAAcademy,Eruditus Merit,Colonnade (E5M6) - Ring of Invincibility 2,Heretic
153,humbug,IAAcademy,Ludus Merit,Varndagroth Towers (Right): Elevator chest,Timespinner
154,Khold-IAAA-Civ6,IAAcademy,Ludus Demerit,BOOST_CIVIC_REFORMED_CHURCH,Civilization VI
154,IncoEm,IAAcademy,Artifex Crystal,Safari Zone SE - Hidden Item in South Grass 2,Pokemon Emerald
155,Khold-IAAA-Civ6,IAAcademy,Ludus Gems,BOOST_TECH_INDUSTRIALIZATION,Civilization VI
155,MatiHK,IAAcademy,Animus Gems,Geo_Rock-Lower_Kingdom's_Edge_3,Hollow Knight
159,RoobyRoo_HK,IAAcademy,Fishing Bait,Mask_Shard-Hive,Hollow Knight
162,Trixie_CVI,IAAcademy,Strange Setback,BOOST_TECH_ASTRONOMY,Civilization VI
162,Trixie_CVI,IAAcademy,Mysterious Mayhem,BOOST_TECH_INDUSTRIALIZATION,Civilization VI
162,Trixie_CVI,IAAcademy,Essential Oil,BOOST_CIVIC_CIVIL_ENGINEERING,Civilization VI
162,Trixie_CVI,IAAcademy,5 Eruditus Crystals,TECH_AP_MODERN_45,Civilization VI
162,Trixie_CVI,IAAcademy,Eruditus Gems,CIVIC_AP_INDUSTRIAL_33,Civilization VI
162,Trixie_CVI,IAAcademy,Divination Scroll,CIVIC_AP_MODERN_39,Civilization VI
163,CrystalPM,IAAcademy,Fishing Bait,BM Record Player Room In Chest,Paper Mario
163,PitchouliArk,IAAcademy,Animus Merit,Hein - Token of Friendship 10,Manual_ChronoArk_Pitchouli
164,Trixie_CVI,IAAcademy,2 Eruditus Crystals,TECH_AP_INFORMATION_66,Civilization VI
164,Trixie_CVI,IAAcademy,Eruditus Gems,BOOST_TECH_ROCKETRY,Civilization VI
164,Trixie_CVI,IAAcademy,Mysterious Mayhem,BOOST_TECH_NANOTECHNOLOGY,Civilization VI
164,Trixie_CVI,IAAcademy,Forbidden Rune,BOOST_TECH_SEASTEADS,Civilization VI
164,Trixie_CVI,IAAcademy,Mysterious Mayhem,BOOST_TECH_OFFWORLD_MISSION,Civilization VI
164,Trixie_CVI,IAAcademy,Mysterious Mayhem,CIVIC_AP_ATOMIC_45,Civilization VI
164,Trixie_CVI,IAAcademy,Eruditus Merit,CIVIC_AP_FUTURE_57,Civilization VI
167,Jake13Snake_Here,IAAcademy,Mysterious Mayhem,The Aquifier (E3M9) - Morph Ovum,Heretic
172,Tzuf-SMZ3,IAAcademy,Eruditus Merit,Missile (outside Wrecked Ship bottom),SMZ3
172,Tzuf-SMZ3,IAAcademy,Eruditus Gems,Super Missile (Wrecked Ship left),SMZ3
172,Tzuf-SMZ3,IAAcademy,Pharseeing Stone,Missile (lower Norfair above fire flea room),SMZ3
172,Tzuf-SMZ3,IAAcademy,Eruditus Merit,Super Missile (pink Maridia),SMZ3
178,FlintHearts,IAAcademy,Strange Setback,Atlantica Seal Keyhole Crabclaw Event,Kingdom Hearts
